Date_quarter,Date,log_inv_pc,log_gdp_pc,log_gdp,log_gdp_yoy_pct,log_gdp_annualized_pct,gdp_yoy_pct,gdp_annualized_pct,log_private_pc,log_sp500_real,log_oil_real,infl_annualized_pct,infl_yoy_pct,log_payems,vix,gs2,t10Y2Y,t10Y3M,nfci,epu,cpi,sp500,gdp,pop16,inv,hours,priv_emp,wti,unrate,payems,logdiff_GPRD,diff_GPRD,GPRD,log_GPRD,GPRD_ACT,log_GPRD_ACT,logdiff_GPRD_ACT,diff_GPRD_ACT,GPRD_THREAT,log_GPRD_THREAT,logdiff_GPRD_THREAT,diff_GPRD_THREAT
1986,1986-01-01,-498.953181441569,-302.303208544227,907.670920294559,4.06246038309934,3.71766062144516,4.06246038309934,3.71766062144516,-78.4112956486571,69.5211058531202,-186.322181353569,2.07412390916808,3.05815337541135,1150.12340526473,20.77,7.77333333333333,0.789333333333333,1.448,-0.301359230769231,127.806687246259,109.566666666667,219.586064823338,8749.127,179825.333333333,1224.404,73.483,82094.6666666667,17.0016666666667,7.03333333333333,98837.6666666667,9.98967895035232,1067.82874396135,112.321222222222,472.13628218264,134.573666666667,490.211175666371,21.9904042931659,2656.54057971015,103.558444444444,464.013613395597,12.705501677702,1235.60531400966
1986.25,1986-04-01,-500.989503554851,-302.128996790713,908.120205849066,3.63512593012079,1.79714221803025,3.63512593012079,1.79714221803025,-78.3191764392913,79.1205469212159,-205.832699096996,-1.95181845033403,1.66465002993572,1150.46378843148,20.17,6.98333333333333,0.62015625,1.27703125,-0.458249230769231,116.638604368521,109.033333333333,240.5334379673,8788.524,180320.666666667,1203.028,73.284,82396.6666666667,13.92,7.16666666666667,99174.6666666667,7.56593689436151,882.78986568987,121.149120879121,479.702219077002,125.831098901099,483.494052278595,-6.71712338777635,-874.256776556787,126.047912087912,483.666208933896,19.6525955382998,2248.94676434677
1986.5,1986-07-01,-504.00150280463,-301.462071092704,909.072326794417,3.0715208380883,3.80848378140115,3.0715208380883,3.80848378140115,-78.0733998442759,78.760692373415,-206.874237351943,2.43828856198256,1.65444950170963,1150.95698411569,20.33,6.45,0.85578125,1.62140625,-0.552443076923077,125.005958243209,109.7,241.13484287262,8872.601,180835.666666667,1170.667,73.655,82835.3333333333,13.86,6.96666666666667,99665,-13.4017973812007,-1519.52078356426,105.953913043478,466.300421695801,104.399347826087,464.822342855246,-18.6717094233487,-2143.17510750119,104.178152173913,464.610243529963,-19.0559654039335,-2186.9759913999
1986.75,1986-10-01,-503.995104653051,-301.219583007782,909.607286211128,2.86578107193076,2.13983766684649,2.86578107193076,2.13983766684649,-77.789281000878,79.0484617970872,-197.175422396194,2.78577961726718,1.33659340952095,1151.60472537797,20.3,6.27666666666667,0.988225806451613,1.76193548387097,-0.554818461538462,92.7096937526504,110.466666666667,243.519844055176,8920.193,181365.333333333,1174.171,74.209,83314.3333333333,15.3783333333333,6.83333333333333,100312.666666667,-6.66236335549435,-682.902173913048,99.1248913043478,459.638058340306,82.3729347826087,441.125692158407,-23.69665069684,-2202.64130434782,109.120217391304,469.245018631553,4.63477510159027,494.206521739135
1987,1987-01-01,-501.682266629502,-300.83053619346,910.346393010482,2.67547271592363,2.95642719741664,2.67547271592363,2.95642719741664,-77.4722185916291,91.6166660334115,-181.369782817021,4.79909775865828,2.0178368718935,1152.20867056958,22.02,6.35,0.844262295081967,1.49573770491803,-0.437571538461538,95.4863261576002,111.8,279.465324155746,8986.367,182001.333333333,1205.858,75.133,83872,18.229,6.6,100920.333333333,-2.9089965860555,-284.200241545898,96.2828888888888,456.729061754251,87.5095555555556,447.17479937502,6.04910721661316,513.662077294688,102.598222222222,463.082060531776,-6.16295809977707,-652.199516908216
1987.25,1987-04-01,-501.918427886676,-300.046356242627,911.418799762557,3.29859391349068,4.28962700829842,3.29859391349068,4.28962700829842,-76.9032938958428,95.3792934024889,-176.456194317219,4.50642181145575,3.63239693734094,1152.98710736964,24.64,7.45,0.892698412698413,2.50365079365079,0.398757692307692,91.2300862401005,113.066666666667,293.468570769779,9083.256,182526.666666667,1206.486,75.564,84594,19.364,6.26666666666667,101709,9.61681736594171,971.919902319912,106.002087912088,466.345879120193,96.6974725274725,457.158726486299,9.98392711127885,918.791697191692,108.259120879121,468.452762087697,5.37070155592128,566.089865689867
1987.5,1987-07-01,-502.171571095471,-299.450646573697,912.282239395865,3.20991260144794,3.4537585332302,3.20991260144794,3.4537585332302,-76.3606259819718,102.735736539143,-172.37355617843,4.22291312235075,4.07855307743299,1153.70130164993,20.51,7.84333333333333,1.0296875,2.63078125,0.157499230769231,64.6830529123484,114.266666666667,319.223748683929,9162.024,183016,1206.662,76.09,85282.3333333333,20.385,6,102438,4.23404084346499,458.454252269468,110.586630434783,470.579919963658,95.8465217391305,456.274818024824,-0.883908461474992,-85.0950788342033,126.752934782609,484.223979630666,15.7712175429689,1849.38139034878
1987.75,1987-10-01,-495.826041474213,-297.994386250077,913.98462312912,4.37733691799203,6.80953493302283,4.37733691799203,6.80953493302283,-75.6695762447025,79.6179009623055,-182.092638295002,3.71663533363993,4.31126700652618,1154.6266748614,49.81,7.98333333333333,1.13903225806452,3.05822580645161,0.979137692307692,167.47859040964,115.333333333333,255.700156927109,9319.332,183467,1288.881,76.876,86085.3333333333,18.6696666666667,5.83333333333333,103390.333333333,-5.91428918834707,-635.076086956526,104.235869565217,464.665630775311,86.9926086956522,446.582315752425,-9.69250227239851,-885.391304347827,116.494891304348,475.784742057943,-8.43923757272362,-1025.80434782609
1988,1988-01-01,-501.017951994076,-297.751174042586,914.500174417196,4.15378140671319,2.06220515230129,4.15378140671319,2.06220515230129,-75.1708574677395,79.920699264734,-193.935297343425,3.10927144955251,3.88881042924973,1155.36066495772,33.79,7.36,1.05935483870968,2.50854838709677,0.302253846153846,109.086458539827,116.233333333333,258.476985144237,9367.502,183967.333333333,1227.008,76.947,86751.6666666667,16.714,5.7,104152,-8.49409289136425,-848.828714763489,95.7475824175825,456.171537883946,88.020989010989,447.757529752738,1.17521400031251,102.838031533682,97.1906593406594,457.667460953043,-18.1172811048995,-1930.42319636885
1988.25,1988-04-01,-498.892394351505,-296.674826132013,915.805648184748,4.38684842219104,5.22189507020983,4.38684842219104,5.22189507020983,-74.5136422717068,80.6169751008323,-191.739791650204,4.56235342416029,3.90279333242587,1156.17791191876,26.13,7.87333333333333,1.03555555555556,2.5031746031746,0.237599230769231,95.0900634554244,117.566666666667,263.268730526879,9490.594,184389.333333333,1256.243,78.029,87524,17.281,5.46666666666667,105006.666666667,8.27072188696647,825.571428571423,104.003296703297,464.442259770913,104.242197802198,464.671701665225,16.9141719124871,1622.12087912088,99.9828571428571,460.499874272111,2.8324133190675,279.219780219776
1988.5,1988-07-01,-498.582678946814,-296.334859129179,916.389907705226,4.10766830936105,2.33703808191024,4.10766830936105,2.33703808191024,-74.0017710230562,80.7309635958388,-206.026524329273,4.84717781505317,4.05885950560148,1156.87921189216,22.29,8.45666666666667,0.6384375,1.8553125,0.362965714285714,87.0274624343722,119,266.782342433929,9546.206,184840.333333333,1263.222,78.239,88188.3333333333,15.163,5.46666666666667,105745.666666667,-21.5345147094231,-2014.92749641663,83.8540217391304,442.90774506149,92.1256521739131,452.315342971281,-12.3563586939438,-1211.65456282847,75.0080434782609,431.759535416264,-28.7403388558466,-2497.48136645963
1988.75,1988-10-01,-497.291373938113,-295.234389027236,917.713564642629,3.72894151350884,5.29462774961402,3.72894151350884,5.29462774961402,-73.4440862767211,82.6703395362011,-210.347989342172,4.34605194764153,4.21621365910188,1157.68106477288,19.96,8.70333333333333,0.247868852459016,0.95983606557377,0.166912307692308,92.7719652879218,120.3,274.978254045759,9673.405,185253.333333333,1282.499,79.117,88879.6666666667,14.6803333333333,5.33333333333333,106597,-5.09810836825588,-416.782608695654,79.6861956521739,437.809636693234,83.0570652173913,441.95279042939,-10.3625525418912,-906.858695652171,71.2103260869565,426.563783721338,-5.19575169492574,-379.771739130436
1989,1989-01-01,-494.233494215715,-294.503069259788,918.72482903525,4.22465461805466,4.04505757048455,4.22465461805466,4.04505757048455,-72.9164663756184,87.0795331630715,-188.795661761521,4.51857677349921,4.56853999008855,1158.43433936277,17.85,9.41,-0.20672131147541,0.355901639344262,0.379059230769231,70.4334318415872,121.666666666667,290.638549312469,9771.725,185772.666666667,1326.029,79.91,89600.3333333333,18.418,5.2,107403,15.5205388537578,1337.91376811595,93.0653333333333,453.330175546992,92.7307777777778,452.970043232983,11.0172528035935,967.371256038645,89.4405555555556,449.357422087627,22.7936383662884,1823.0229468599
1989.25,1989-04-01,-495.423477569684,-293.960816616753,919.485031815285,3.67938363053693,3.0408111201389,3.67938363053693,3.0408111201389,-72.6512126272054,93.0952035339014,-180.37971212649,6.41405236522168,5.0314647253539,1158.90559143469,17.02,8.96,-0.18515625,0.05484375,0.454686923076923,90.6396638063213,123.633333333333,313.648280143738,9846.293,186178,1313.202,80.219,90034.3333333333,20.359,5.23333333333333,107910.333333333,3.52785394300614,334.18095238095,96.4071428571429,456.858029489998,81.7852747252747,440.409721182051,-12.5603220509317,-1094.55030525031,101.51032967033,462.016056345464,12.6586342578376,1206.97741147741
1989.5,1989-07-01,-496.552996392561,-293.450469711314,920.223037466994,3.83312976176828,2.95202260683567,3.83312976176828,2.95202260683567,-72.6813641893982,101.021717799665,-186.742440043689,3.11536421036678,4.5985113241823,1159.16072470044,18.04,8.08,0.0215873015873016,-0.00587301587301588,0.257207692307692,78.6871262777782,124.6,342.176191541884,9919.228,186602.333333333,1301.412,80.403,90212.3333333333,19.2533333333333,5.23333333333333,108186,0.423175043928392,40.8835403726741,96.8159782608696,457.281204533926,98.2798913043478,458.7819441673,18.3722229852487,1649.46165790731,96.5134782608696,456.968266968894,-5.04778937657084,-499.685140946011
1989.75,1989-10-01,-497.519900523067,-293.476011783672,920.41982476909,2.70626012646087,0.787149208384363,2.70626012646087,0.787149208384363,-72.4384701404659,100.941475836569,-182.297796367503,4.04581569995344,4.52345226226028,1159.62366714311,20.37,7.85333333333333,0.0553225806451613,-0.000967741935483892,0.169900769230769,95.0979042542065,125.866666666667,345.377459329272,9938.767,187017.666666667,1291.758,80.407,90633,20.333,5.36666666666667,108688,-4.27777844166588,-405.423913043481,92.7617391304348,453.00342609226,102.226956521739,462.719540543404,3.93759637610378,394.706521739136,82.009347826087,440.68332386461,-16.2849431042837,-1450.41304347826
1990,1990-01-01,-497.331658483132,-293.188983272412,921.506778015299,2.78194898004891,4.34781298483671,2.78194898004891,4.34781298483671,-72.5964704973157,96.6529656689795,-177.394972951812,6.82700043220521,5.10055817693678,1160.29855233379,22.1746031746032,8.36333333333333,0.0590322580645161,0.39741935483871,0.0505461538461538,102.409722997016,128.033333333333,336.574763222346,10047.386,188519.666666667,1304.586,80.657,91216.6666666667,21.7223333333333,5.3,109424,-16.8931965762218,-1441.82946859903,78.3434444444445,436.110229516038,70.9834444444445,426.244667301256,-36.4748732421479,-3124.35120772947,77.6482222222222,435.218865457694,-5.46445840691607,-436.112560386474
1990.25,1990-04-01,-497.510655949597,-293.036860626387,921.869090898983,2.3840590836981,1.44925153473565,2.3840590836981,1.44925153473565,-72.7445568734067,99.5216293395651,-197.752081001144,3.93785563762492,4.48150899503759,1160.62700779495,18.7220634920635,8.57,0.103015873015873,0.663333333333333,-0.000443846153846158,95.5668159299197,129.3,349.796507820251,10083.855,188916.333333333,1304.993,80.31,91273.3333333333,17.8966666666667,5.33333333333333,109784,8.39184853380708,685.820390720387,85.2016483516483,444.502078049845,69.5865934065934,424.257192531761,-1.98747476949537,-139.685103785105,92.2897802197802,452.493341186583,17.2744757288895,1464.1557997558
1990.5,1990-07-01,-499.698946922792,-293.201001227264,921.935650422545,1.71261295555087,0.266238094246773,1.71261295555087,0.266238094246773,-73.0958468061771,93.7498844741994,-160.212815062369,6.85000765703734,5.41516985670523,1160.50305138256,25.1955555555556,8.1,0.602539682539683,0.975873015873016,0.0801746153846154,130.513768077186,131.533333333333,335.881745353578,10090.569,189352.666666667,1279.695,79.893,91163.3333333333,26.4996666666667,5.7,109648,72.9100366778514,9143.96559961778,176.641304347826,517.412114727697,107.521847826087,467.769406250967,43.5122137192064,3793.52544194935,234.382934782609,545.695625122407,93.2022839358237,14209.3154562828
1990.75,1990-10-01,-505.726564406121,-294.38648312149,921.021076357738,0.601251588647678,-3.65829625922842,0.601251588647678,-3.65829625922842,-73.763900401375,86.1422231172347,-143.496541949957,6.7346734737427,6.08738430015254,1160.14459804151,26.11328125,7.59666666666667,0.800161290322581,1.18661290322581,0.458306923076923,141.394794537672,133.766666666667,316.562033176422,9998.704,189866.333333333,1208.107,79.553,90802,31.853,6.13333333333333,109255.666666667,-14.8123304322605,-2431.91304347827,152.322173913043,502.599784295436,108.545217391304,468.716683631456,0.947277380489098,102.336956521741,189.914782608696,524.657545896282,-21.038079226125,-4446.8152173913
1991,1991-01-01,-509.323876131563,-295.068778004935,920.552037442887,-0.954740572412227,-1.87615565940291,-0.954740572412227,-1.87615565940291,-74.5252663258397,96.0889802725432,-182.252216182073,2.97915974954144,5.1254241294866,1159.71471209709,22.5158333333333,7.03333333333333,0.987166666666667,1.8115,0.177106153846154,139.48869745992,134.766666666667,352.282950979764,9951.916,190271.666666667,1167.908,78.776,90305.6666666667,21.7806666666667,6.6,108787,57.4756784203434,11830.8381642512,270.630555555555,560.07546271578,347.779,585.15672205688,116.440038425424,23923.3782608696,238.731,547.533739504226,22.876193607944,4881.62173913043
1991.25,1991-04-01,-509.525831949245,-294.493726139894,921.328702632293,-0.540388266689895,3.10666075762498,-0.540388266689895,3.10666075762498,-75.2924865742561,102.719085928913,-187.678877176936,2.36745450658162,4.73282384672578,1159.2761997545,17.14703125,6.89666666666667,1.23140625,2.38921875,-0.239215384615385,87.0271671356354,135.566666666667,378.665936946869,10029.51,190655.666666667,1167.904,78.282,89796.3333333333,20.7526666666667,6.83333333333333,108311,-108.817458735808,-17947.3852258852,91.1567032967034,451.258003979972,80.1686813186813,438.413293135629,-146.743428921251,-26761.0318681319,97.302967032967,457.782948238549,-89.7507912656773,-14142.8032967033
1991.5,1991-07-01,-507.809167966035,-294.233587171872,921.832788667634,-0.102861754911032,2.01634414136223,-0.102861754911032,2.01634414136223,-75.6006736712627,103.763946750666,-184.18205724701,3.03736915664814,3.77966422162848,1159.27342991436,16.63421875,6.51,1.42890625,2.4040625,-0.477993076923077,102.355178370983,136.6,385.559842586517,10080.195,191121.333333333,1191.028,78.19,89738.6666666667,21.655,6.86666666666667,108308,21.3464052353185,2169.15575728619,112.848260869565,472.604409215291,81.7957608695652,440.422541915539,2.00924877990936,162.707955088392,140.502717391304,494.522682945015,36.7397347064659,4319.97503583374
1991.75,1991-10-01,-504.601238977035,-294.162227434156,922.180727502445,1.15965114470686,1.39175533924316,1.15965114470686,1.39175533924316,-75.9092024812675,103.340518425252,-184.631890584037,3.30500057627354,2.92224599726119,1159.29404799526,17.4553125,5.5,1.84129032258065,2.66532258064516,-0.616255384615385,139.914768249133,137.733333333333,387.116094112396,10115.329,191650.666666667,1233.261,78.055,89710,21.7366666666667,7.1,108330.333333333,-11.5377084884367,-1229.70652173914,100.551195652174,461.066700726854,70.5604347826087,425.64695735646,-14.7755845590792,-1123.53260869565,125.295543478261,483.067529445595,-11.4551534994197,-1520.71739130435
1992,1992-01-01,-506.68688623963,-293.193077085525,923.370869344587,2.81883190170014,4.76056736857018,2.81883190170014,4.76056736857018,-76.1959830840372,108.888218117735,-199.236446172049,2.70140920631192,2.85280836145381,1159.31066245973,17.5642857142857,5.28666666666667,2.01306451612903,3.30483870967742,-0.66879,122.596737893061,138.666666666667,411.971903967479,10236.435,192074.666666667,1210.478,77.596,89651,18.9103333333333,7.36666666666667,108348.333333333,-10.7417594196584,-1024.1085762064,90.3101098901099,450.324941307195,62.2634065934066,413.137387911904,-12.5095694445558,-829.702818920207,108.557142857143,468.727669662043,-14.3398597835522,-1673.8400621118
1992.25,1992-04-01,-501.410308481139,-292.339270210635,924.449336203858,3.120633571565,4.31386743708444,3.120633571565,4.31386743708444,-76.1740640400902,107.657152074241,-188.639525816442,3.06514909822759,3.0272320093653,1159.56445878472,15.6163492063492,5.20666666666667,2.17285714285714,3.60793650793651,-0.823414615384615,96.9427325980399,139.733333333333,410.06158883231,10347.429,192506.666666667,1278.935,77.912,89872.3333333333,21.186,7.6,108623.666666667,-5.3193191233345,-467.835164835169,85.6317582417582,445.005622183861,61.3121978021978,411.597880850117,-1.53950706178696,-95.1208791208785,101.377912087912,461.885523792102,-6.84214586994063,-717.923076923079
1992.5,1992-07-01,-500.887118420323,-291.624557434967,925.432596503733,3.59980783609899,3.93304119949818,3.59980783609899,3.93304119949818,-76.2521522553687,108.603125872116,-187.13962460451,3.04183975408812,3.02834965872529,1159.8062864939,13.90203125,4.14666666666667,2.46796875,3.46765625,-0.908939230769231,127.821180833354,140.8,417.119062423706,10449.673,193024.333333333,1289.101,78.031,90043.6666666667,21.6703333333333,7.63333333333333,108886.666666667,-9.84425720511988,-802.817128523648,77.6035869565218,435.161364978741,56.9551086956522,404.226339079799,-7.37154177031778,-435.708910654565,91.1670652173913,451.269370485594,-10.6161533065081,-1021.08468705208
1992.75,1992-10-01,-498.187504230643,-290.892985465491,926.470051876064,4.28932437361969,4.14982148932594,4.28932437361969,4.14982148932594,-76.0982069972038,109.293475137401,-193.666180098358,3.48853124552555,3.0742323260383,1160.19218150411,14.76109375,4.44333333333333,2.29564516129032,3.59661290322581,-0.75417,119.092133728202,142.033333333333,423.687655925751,10558.648,193615.666666667,1328.433,78.546,90458.6666666667,20.479,7.36666666666667,109307.666666667,5.03781096356617,400.967391304349,81.6132608695653,440.199175942307,63.5557608695652,415.191764450355,10.9654253705558,660.065217391303,93.7995652173913,454.116022079239,2.84665159364499,263.250000000002
1993,1993-01-01,-496.110280684831,-290.979111655772,926.63685640227,3.26598705768326,0.667218104824485,3.26598705768326,0.667218104824485,-75.7061495454346,112.969527942301,-197.636695456752,2.89958010027078,3.12377504952801,1160.77567422403,13.2553225806452,4.14666666666667,2.12508196721311,3.23295081967213,-0.959569230769231,100.079304177017,143.066666666667,442.750320926789,10576.275,194106,1359.751,79.231,91044,19.825,7.13333333333333,109947.333333333,24.4917333925521,2264.8961352657,104.262222222222,464.690909334859,87.269,446.899530241815,31.7077657914604,2371.32391304348,116.172444444444,475.507567726358,21.3915456471196,2237.28792270531
1993.25,1993-04-01,-495.767751432749,-290.629849893053,927.217339279613,2.7680030757546,2.32193150936979,2.7680030757546,2.32193150936979,-75.3449109932345,112.870292553335,-198.684781068575,2.87871236681703,3.07716586667537,1161.31116166668,12.9731746031746,3.99333333333333,1.99238095238095,2.95285714285714,-0.998811538461539,114.61231896042,144.1,445.505872453962,10637.847,194555.333333333,1367.575,80.135,91585,19.76,7.06666666666667,110537.666666667,5.11417501165035,547.085470085469,109.733076923077,469.80508434651,76.0948351648352,433.198039350839,-13.7014908909762,-1117.41648351649,134.876043956044,490.435616372291,14.928048645932,1870.35995115995
1993.5,1993-07-01,-496.7123868711,-290.416990143574,927.693359327089,2.26076282335619,1.90408018990453,2.26076282335619,1.90408018990453,-74.9482088133954,114.200155438335,-209.613080730336,1.84629914687626,2.77828071487241,1161.93943661418,12.1171875,3.97333333333333,1.64140625,2.545,-1.08317384615385,112.702153151003,144.766666666667,453.558748245239,10688.606,195068,1358.287,80.602,92191.3333333333,17.7963333333333,6.8,111234.333333333,-6.13577659048481,-653.057692307692,103.2025,463.669307756025,92.7214130434783,452.959943881483,19.7619045306444,1662.65778786431,108.35902173913,468.544998929806,-21.8906174424849,-2651.70222169135
1993.75,1993-10-01,-491.874176057013,-289.34909764922,929.044341629097,2.57428975303231,5.40392920803043,2.57428975303231,5.40392920803043,-74.419988465631,115.709203176018,-218.297175751446,3.30201370663055,2.73165133014865,1162.63910456685,12.4215625,4.08,1.53096774193548,2.48306451612903,-0.983471428571429,81.7840056875281,145.966666666667,464.271874427796,10833.987,195621,1429.661,81.375,92942.3333333333,16.4513333333333,6.63333333333333,112015.333333333,-13.1565447075521,-1272.26086956522,90.4798913043478,450.512763048473,57.5669565217392,405.294873159181,-47.6650707223024,-3515.44565217391,111.011195652174,470.963105795743,2.41810686593729,265.217391304346
1994,1994-01-01,-488.373062982615,-288.620494929094,930.010026832355,3.373170430085,3.86274081303526,3.373170430085,3.86274081303526,-73.830590445645,116.266818709344,-229.286200904562,2.00456000387703,2.50789630605022,1163.40451500377,13.4361904761905,4.53666666666667,1.53064516129032,2.75548387096774,-0.947805,87.2217763190893,146.7,469.213492257255,10939.116,196085.333333333,1484.116,81.886,93713.6666666667,14.8133333333333,6.56666666666667,112876,8.44674463135577,797.466425120776,98.4545555555556,458.959507679829,74.6343333333333,431.26006336856,25.9651902093794,1706.73768115942,113.027111111111,472.762771127309,1.79966533156577,201.591545893727
1994.25,1994-04-01,-483.794477193816,-287.496857341312,931.356108989889,4.13876971027616,5.38432863013441,4.13876971027616,5.38432863013441,-73.0451167981263,111.778685374389,-211.616740300444,2.26578151996151,2.35466359433634,1164.32224659181,14.5125806451613,5.81666666666667,1.26274193548387,2.97774193548387,-0.736527692307692,96.1090754196415,147.533333333333,451.168549076204,11087.361,196522,1557.107,83.211,94663,17.7766666666667,6.2,113916.666666667,8.36516635505227,859.016971916974,107.044725274725,467.324674034881,75.6534065934066,432.616247019746,1.35618365118519,101.907326007324,128.516153846154,485.605460729934,12.8426896026251,1548.90427350427
1994.5,1994-07-01,-485.709886022528,-287.182286782485,931.93899147983,4.2456321527407,2.33152995976269,4.2456321527407,2.33152995976269,-72.3235870270165,113.038506670239,-208.568440402026,3.68832029644963,2.81516888172968,1165.19857119394,12.51625,6.23333333333333,1.09484375,2.71890625,-0.768273571428571,83.2409456379285,148.9,461.120780944824,11152.176,197050,1531.67,84.19,95604.6666666667,18.4966666666667,6,114919.333333333,-6.71052870631099,-694.755136168185,100.097173913043,460.61414532857,66.9507608695652,420.395743681592,-12.2205033381533,-870.264572384137,123.488152173913,481.614521765162,-3.99093896477165,-502.800167224085
1994.75,1994-10-01,-481.957256164087,-286.322294144429,933.078049666508,4.0337080374119,4.55623274671524,4.0337080374119,4.55623274671524,-71.7054089028953,112.215934871052,-213.796510051968,2.32143508721663,2.5700242268762,1165.99018999066,15.2687301587302,7.15666666666667,0.674590163934426,2.39327868852459,-0.532404615384615,83.7122303595518,149.766666666667,460.0052378821,11279.932,197600.666666667,1594.684,84.539,96466.3333333333,17.6566666666667,5.63333333333333,115832.666666667,-4.76300089106108,-465.586956521737,95.4413043478261,455.851144437509,75.5731521739131,432.510109013721,12.1143653321288,862.239130434789,111.904456521739,471.764544045639,-9.84997771952338,-1158.36956521739
1995,1995-01-01,-481.055015103946,-286.110414930031,933.43220231259,3.42217548023438,1.41661058432518,3.42217548023438,1.41661058432518,-70.9954127570689,115.835942999271,-210.640362992505,2.92716684932906,2.80067593823921,1166.73818123621,11.992380952381,7.13333333333333,0.356774193548387,1.55483870967742,-0.570639230769231,103.136038942578,150.866666666667,480.465715680804,11319.951,197882,1611.428,84.949,97292,18.3566666666667,5.46666666666667,116702.333333333,-16.719201070631,-1469.44154589372,80.7468888888889,439.131943366878,76.8913333333333,434.239316968361,1.72920795464027,131.818115942025,79.694,437.819430065366,-33.9451139802729,-3221.04565217391
1995.25,1995-04-01,-483.362630931487,-286.021365126596,933.730081059099,2.37397206920971,1.19151498603571,2.37397206920971,1.19151498603571,-70.7837153206532,123.779827423078,-206.219036973084,3.25670189356764,3.04840603164074,1167.107670331,12.1903174603175,6.15333333333333,0.468412698412698,0.828253968253968,-0.690260769230769,69.7068682248076,152.1,524.44285656157,11353.721,198295.666666667,1577.96,84.827,97702,19.3433333333333,5.66666666666667,117134.333333333,18.7195335567674,1662.27814407814,97.3696703296703,457.851476923645,87.8347252747253,447.545692671782,13.3063757034203,1094.3391941392,104.392747252747,464.816020227621,26.9965901622551,2469.87472527473
1995.5,1995-07-01,-484.21796914873,-285.431770100062,934.577208285169,2.63821680533969,3.38850890428262,2.63821680533969,3.38850890428262,-70.5311317488134,130.689913662172,-214.737584960083,2.01115299617918,2.62911420657312,1167.53305546552,12.4726984126984,5.85666666666667,0.467619047619048,0.796666666666667,-0.702492307692308,69.3072894389067,152.866666666667,564.796346997458,11450.31,198807,1568.555,85.801,98201.6666666667,17.8533333333333,5.66666666666667,117633.666666667,-0.377801786931542,-36.717032967033,97.0025,457.473675136714,92.0628260869566,452.247123623376,4.70143095159399,422.810081223125,103.595326086957,464.04922138169,-0.766798845930428,-79.742116579078
1995.75,1995-10-01,-482.03821701087,-285.02857636809,935.253994959862,2.1759452933539,2.70714669877208,2.1759452933539,2.70714669877208,-70.2907814413959,135.72015713398,-213.596484781708,2.17462751554223,2.59241231365452,1167.98964692592,12.8996825396825,5.5,0.395483870967742,0.477741935483871,-0.738936923076923,90.5920848335353,153.7,597.171428377666,11528.067,199351.666666667,1607.513,86.02,98707.6666666667,18.1566666666667,5.56666666666667,118172,-32.7145644633031,-2706.57608695652,69.9367391304348,424.759110673411,64.7078260869565,416.988215380476,-35.2589082428995,-2735.5,70.7816304347826,425.959950989901,-38.0892703917894,-3281.36956521739
1996,1996-01-01,-480.657463875773,-284.494948153185,936.000253632962,2.56805132037261,2.98503469240004,2.56805132037261,2.98503469240004,-70.0129291594428,141.205821394312,-205.968949479387,3.54099257273965,2.74586874450717,1168.42029263019,15.398253968254,5.26666666666667,0.640322580645161,0.837903225806452,-0.789621538461539,86.743356286393,155.066666666667,636.454764229911,11614.418,199776,1633.332,86.186,99193,19.77,5.53333333333333,118682,27.1699129890724,2183.37004300048,91.7704395604395,451.929023662483,90.3615384615385,450.38187173683,33.3936563563543,2565.3712374582,91.0919780219781,451.18697435498,25.2270233650792,2031.03475871954
1996.25,1996-04-01,-476.216001600134,-283.092393462662,937.654440313853,3.92435925475443,6.61674672356298,3.92435925475443,6.61674672356298,-69.5036327857181,143.808219024766,-197.249660413219,3.42467845392456,2.7878628845964,1169.08596334585,16.368253968254,6.12,0.60328125,1.55875,-0.708656153846154,71.7445355553716,156.4,658.85206046937,11808.14,200279.333333333,1711.813,86.993,99950.6666666667,21.7566666666667,5.5,119474.666666667,-7.76711868847979,-685.813186813185,84.9123076923077,444.161904974003,88.0565934065933,447.797971466669,-2.58390027016118,-230.494505494514,78.9871428571429,436.928509057826,-14.2584652971539,-1210.48351648352
1996.5,1996-07-01,-472.058412763107,-282.48372341015,938.547474607124,3.97026632195505,3.57213717308511,3.97026632195505,3.57213717308511,-69.0745283747605,143.423345334755,-194.805272669483,2.2951927812084,2.85887283085371,1169.69594436215,16.7784375,6.17666666666667,0.6,1.53421875,-0.733312307692308,79.1072858453837,157.3,660.09797000885,11914.063,200849.666666667,1789.565,87.716,100666.333333333,22.4233333333333,5.26666666666667,120205.666666667,11.0564188759817,992.693143812708,94.8392391304348,455.218323849985,98.5053260869566,459.011061866501,11.2130903998314,1044.87326803632,93.435652173913,453.727298732431,16.7987896746049,1444.85093167702
1996.75,1996-10-01,-472.493305974907,-281.752799158307,939.580490112061,4.3264951521989,4.13206201974745,4.3264951521989,4.13206201974745,-68.6948408049297,152.055267008738,-186.135276102725,3.46030219963147,3.18029150187602,1170.28706655809,17.20625,5.79666666666667,0.550483870967742,1.24483870967742,-0.760825384615385,65.7382620080253,158.666666666667,725.860781669617,12037.775,201457.333333333,1787.19,88.705,101355,24.6666666666667,5.33333333333333,120918.333333333,-33.3851096149801,-2691.91304347826,67.9201086956522,421.833214235005,60.9141304347826,410.946517464551,-48.0645444019499,-3759.11956521739,69.9946739130435,424.841915219808,-28.8853835126234,-2344.09782608696
1997,1997-01-01,-470.960116220032,-281.57412139579,940.223859245869,4.22360561290649,2.57347653523041,4.22360561290649,2.57347653523041,-68.4523221395536,159.247377205681,-194.655767542286,2.42958124685728,2.90243867040543,1170.91006160527,19.9165,6.04333333333333,0.522333333333333,1.36916666666667,-0.71948,79.3281164532046,159.633333333333,784.740657618788,12115.472,202395.666666667,1823.255,89.468,102074.333333333,22.79,5.23333333333333,121674,-23.1488244353165,-1403.55531400966,53.8845555555556,398.684389799688,52.8697777777778,396.783186705672,-14.163330758879,-804.435265700484,54.1885555555556,399.246973403833,-25.5949418159744,-1580.61183574879
1997.25,1997-04-01,-465.220602388188,-280.139611954388,941.875364346136,4.22092403228316,6.60602040106966,4.22092403228316,6.60602040106966,-67.8312954540592,163.83774042891,-208.411913123095,0.917718621349195,2.27569871226159,1171.63124679266,19.92296875,6.27333333333333,0.42375,1.5071875,-0.643956923076923,77.1506612429754,160,823.489846229553,12317.221,202835.333333333,1935.157,89.905,102933.333333333,19.9066666666667,5,122554.666666667,-3.77029804686955,-199.378632478633,51.8907692307692,394.914091752819,50.0234065934066,391.249102775674,-5.53408392999772,-284.637118437117,50.798021978022,392.785741638584,-6.46123176524922,-339.05335775336
1997.5,1997-07-01,-464.101921545959,-279.160383869109,943.116202978074,4.56872837094977,4.96335452775156,4.56872837094977,4.96335452775156,-67.4495782440473,175.496341480118,-209.53215243573,1.99501660441577,2.20065466806343,1172.20377028715,22.445,5.90333333333333,0.3384375,1.05578125,-0.650788461538462,63.3451762442716,160.8,929.944374084473,12471.01,203366.666666667,1962.053,90.449,103597.666666667,19.7833333333333,4.86666666666667,123258.333333333,-11.6208174942466,-569.294314381268,46.1978260869565,383.293274258572,44.6216304347826,379.821872878464,-11.42722989721,-540.1776158624,44.7285869565217,380.061282643653,-12.7244589949314,-606.943502150022
1997.75,1997-10-01,-462.923624394128,-278.589384427914,943.966438483011,4.38594837095003,3.4009420197485,4.38594837095003,3.4009420197485,-66.8826427201815,177.237597560719,-209.397970012586,2.15009820980292,1.87310367060629,1172.99141136725,27.092380952381,5.73333333333333,0.171774193548387,0.676612903225807,-0.516756153846154,94.2039636446579,161.666666666667,951.379063606262,12577.495,203935.333333333,1990.86,90.871,104478,19.9166666666667,4.66666666666667,124233,10.1676735428264,494.434782608695,51.1421739130435,393.460947801399,34.9332608695652,355.343940887217,-24.4779319912467,-968.83695652174,61.4055434782609,411.750011573991,31.6887289303383,1667.69565217391
1998,1998-01-01,-458.85498558291,-277.81578004565,944.965187471646,4.74132822577751,3.99499595454031,4.74132822577751,3.99499595454031,-66.4064361206099,184.298640812262,-231.939221131043,0.823893185204128,1.471681655193,1173.60370157724,21.3245901639344,5.44666666666667,0.141311475409836,0.402295081967213,-0.609929230769231,97.4836146219956,162,1023.09000484279,12703.742,204395,2078.205,91.43,105213.333333333,15.93,4.63333333333333,124996,19.5414991942493,1103.7270531401,62.1794444444445,413.002446995648,44.9521111111111,380.55977255792,25.2158316707029,1001.88502415459,74.3823333333333,430.921845844496,19.1718342705054,1297.67898550725
1998.25,1998-04-01,-459.725353205325,-277.143556487827,945.886617119839,4.01125277370227,3.68571859276869,4.01125277370227,3.68571859276869,-65.9742784946018,192.093226602392,-240.62152680717,1.31470948264933,1.57092937051804,1174.23638289805,21.5342857142857,5.55666666666667,0.0349206349206349,0.477619047619048,-0.590367692307692,78.4907193380081,162.533333333333,1109.66713944692,12821.339,204905,2065.336,91.91,105932.666666667,14.6533333333333,4.4,125789.333333333,16.7078516993548,1130.7148962149,73.4865934065934,429.710298695003,43.7425274725275,377.832079758759,-2.72769279916099,-120.958363858363,93.4842857142858,453.779335494287,22.8574896497908,1910.19523809524
1998.5,1998-07-01,-457.442259511323,-276.173997596484,947.137698627532,4.02149564945802,5.00432603077456,4.02149564945802,5.00432603077456,-65.6819281001552,189.341255071679,-244.769696655096,2.04562172335407,1.58358065025261,1174.80002221924,29.75171875,5.13333333333333,0.07125,0.24703125,-0.38163,133.640940942545,163.366666666667,1085.08077907562,12982.752,205482.666666667,2118.989,92.047,106542.333333333,14.13,4.53333333333333,126500.333333333,-3.67129310188714,-264.898471094121,70.8376086956522,426.039005593115,72.1998913043478,427.94385404177,50.1117742830108,2845.73638318203,71.5721739130435,427.070636593003,-26.7086989012846,-2191.21118012422
1998.75,1998-10-01,-454.747511566033,-274.876459668358,948.734084876585,4.76764639357334,6.3855449962098,4.76764639357334,6.3855449962098,-65.3523329342714,192.18565076299,-254.811380738037,1.87277695791863,1.51425033728154,1175.39508457807,29.5371875,4.38,0.285645161290323,0.299032258064516,-0.0758423076923077,123.140987866927,164.133333333333,1121.6270275116,13191.67,206097.666666667,2183.382,93.178,107214,12.84,4.43333333333333,127255.333333333,-7.26013489909203,-496.065217391305,65.8769565217392,418.778870694023,51.4868478260869,394.132639303642,-33.8112147381279,-2071.30434782609,76.6863043478261,433.972313112319,6.90167651931679,511.413043478258
1999,1999-01-01,-452.406103860995,-274.318352504535,949.669133389329,4.70394591768297,3.74019405097883,4.70394591768297,3.74019405097883,-65.1053734965154,203.492989146856,-253.579533158658,1.4595596976843,1.67316696540158,1175.9918346583,27.2527868852459,4.85,0.139180327868852,0.475245901639344,-0.315813846153846,95.1155635162424,164.733333333333,1260.49262575243,13315.597,206876,2243.548,93.042,107885,13.0466666666667,4.3,128017,4.56412403413147,307.63768115942,68.9533333333334,423.342994728155,58.5333333333334,406.959639253291,12.8269999496487,704.648550724642,75.7688888888889,432.768777157403,-1.20353595491611,-91.7415458937199
1999.25,1999-04-01,-452.623810511056,-273.755313140411,950.500411574286,4.61379445444781,3.32511273982803,4.61379445444781,3.32511273982803,-64.7268691751623,208.087905310983,-224.048476980421,2.98358403745098,2.090385604102,1176.62567469226,24.3955555555556,5.28333333333333,0.25703125,0.9575,-0.404613076923077,69.8299900560801,165.966666666667,1329.64333767361,13426.748,207431.666666667,2244.682,93.552,108585,17.66,4.26666666666667,128831,26.5203207049285,2094.08424908425,89.8941758241759,449.863315433083,89.8504395604395,449.814650537608,42.8550112843175,3131.71062271062,91.3016483516484,451.416884167287,18.6481070098836,1553.27594627595
1999.5,1999-07-01,-450.202977635429,-272.732745351879,951.817581902865,4.67988327533231,5.26868131431257,4.67988327533231,5.26868131431257,-64.4423472901523,208.271572477064,-204.01901579136,2.96149426822971,2.31935374032091,1177.21180382721,23.320625,5.63,0.250625,1.0878125,-0.19098,80.3512089680671,167.2,1341.98672485352,13604.771,208043.666666667,2306.47,94.159,109215.666666667,21.7366666666667,4.23333333333333,129588.333333333,-31.9596175986248,-2459.12410415671,65.3029347826087,417.903697834459,58.7332608695652,407.300619105736,-42.5140314318722,-3111.71786908743,69.2008695652174,423.701342851602,-27.7155413156846,-2210.0778786431
1999.75,1999-10-01,-447.866708109232,-271.40136548161,953.444935469971,4.71085059338652,6.50941426842664,4.71085059338652,6.50941426842664,-64.0424353839307,209.901331779854,-192.528520751896,2.93972919166094,2.58609179875648,1177.89445807857,22.65828125,5.94,0.196612903225806,0.937258064516129,-0.138344285714286,73.6588971166946,168.433333333333,1374.09875106812,13827.98,208660.333333333,2367.988,94.544,109978.333333333,24.5633333333333,4.06666666666667,130476,11.6331477827302,805.630434782607,73.3592391304348,429.536845617189,68.8754347826087,423.229958008631,15.9293389028951,1014.21739130435,78.7207608695652,436.590691821514,12.8893489699115,951.989130434779
2000,2000-01-01,-449.969591691084,-272.431609049879,953.807072370776,4.13793898144696,1.44854760322062,4.13793898144696,1.44854760322062,-64.8611993577231,212.202665548261,-177.577965756614,3.93859030882489,3.20584945154163,1178.48236242662,23.1503174603175,6.52666666666667,-0.0579365079365079,0.763809523809524,-0.176049230769231,78.5508393318485,170.1,1420.00142609127,13878.147,211586,2351.223,94.989,110611,28.8066666666667,4.03333333333333,131245.333333333,-20.0362940266631,-1331.95688007644,60.0396703296704,409.500551590526,58.9474725274726,407.664675121219,-15.5652828874119,-992.796225513615,59.6289010989011,408.814037430348,-27.7766543911662,-1909.18597706641
2000.25,2000-04-01,-444.524323802255,-270.936267800886,955.611973405274,5.11156183098791,7.21960413799181,5.11156183098791,7.21960413799181,-64.755449553085,213.277240016666,-178.439794818818,3.12318588437819,3.24074991327343,1179.06834562243,24.9239682539683,6.56333333333333,-0.387777777777778,0.288888888888889,-0.00458923076923077,99.4423931729044,171.433333333333,1446.59364924355,14130.908,212242,2490.501,95.247,111071.333333333,28.7833333333333,3.93333333333333,132016.666666667,7.4036980463184,461.384615384617,64.6535164835165,416.904249636844,59.0960439560439,407.916398403359,0.251723282139782,14.8571428571366,68.7630769230769,423.06669282493,14.2526553945826,913.417582417585
2000.5,2000-07-01,-445.816078484458,-271.152698437774,955.713854075646,3.8962721727815,0.407522681486938,3.8962721727815,0.407522681486938,-64.7301287205322,214.378510679937,-169.93963497611,3.63885215400721,3.41008938471781,1179.25753657247,19.1690476190476,6.21666666666667,-0.327142857142857,-0.312222222222222,-0.152286923076923,73.0386005171645,173,1475.97888764881,14145.312,212918.666666667,2466.375,95.241,111453.666666667,31.6233333333333,4,132266.666666667,-24.8208422661743,-1421.10164835165,50.4425,392.08340737067,39.814347826087,368.422734546944,-39.4936638564154,-1928.1696129957,56.8072826086957,403.96645324501,-19.1002395799204,-1195.57943143813
2000.75,2000-10-01,-445.908037397428,-270.858348691316,956.309117654135,2.86418218416387,2.3810543139561,2.86418218416387,2.3810543139561,-64.7455320088649,205.947378596518,-169.528468964496,2.84152102119499,3.38553734210132,1179.46498254478,26.0166666666667,5.71333333333333,-0.148387096774194,-0.629516129032258,-0.124842307692308,135.181993094403,174.233333333333,1366.3103124225,14229.765,213560.333333333,2471.534,94.876,111772.333333333,31.98,3.9,132541.333333333,9.63026778037341,509.934782608696,55.541847826087,401.713675151043,55.5025,401.642806478294,33.2200719313498,1568.8152173913,57.2771739130435,404.790218332495,0.823765087485295,46.989130434779
2001,2001-01-01,-450.822320712167,-271.439534118928,955.980780409221,2.17370803844439,-1.31334897965729,2.17370803844439,-1.31334897965729,-64.9271297432328,197.947438832347,-180.919310264708,3.80810187709812,3.35291523416963,1179.62028510179,25.7264516129032,4.58666666666667,0.464032258064516,0.110806451612903,-0.237588461538462,136.204645683519,175.9,1273.32903855847,14183.12,214101,2358.969,94.847,111852,28.81,4.23333333333333,132747.333333333,-0.808585047761579,-44.7292270531406,55.0945555555556,400.905090103282,47.606,386.295880371386,-15.346926106908,-789.649999999996,61.5873333333333,412.045622168957,7.2554038364621,431.015942028989
2001.25,2001-04-01,-450.962309742012,-271.112967933574,956.603341400698,0.991367995423609,2.49024396590869,0.991367995423609,2.49024396590869,-65.6858152187771,194.131628680185,-184.887360589288,2.79483716563647,3.2708280544842,1179.34948017848,23.9238095238095,4.19,1.08444444444444,1.53555555555556,-0.388302307692308,119.88516373965,177.133333333333,1234.25031389509,14271.694,214735.666666667,2362.652,93.925,111335.666666667,27.8833333333333,4.4,132388.333333333,8.48503394935181,487.885103785099,59.9734065934066,409.390124052633,55.4431868131868,401.535883542995,15.2400031716093,783.718681318679,63.37,414.899056333543,2.85343416458543,178.266666666665
2001.5,2001-07-01,-453.474005242121,-271.833365173386,956.201897496516,0.488043420870099,-1.6057756167271,0.488043420870099,-1.6057756167271,-66.5141368188042,187.101367954738,-189.881028484697,1.12750239080945,2.64299061368476,1179.04435587478,25.3803389830509,3.64,1.31950819672131,1.71213114754098,-0.448990769230769,162.819676531987,177.633333333333,1153.70661331436,14214.516,215421.666666667,2311.409,92.801,110770,26.6,4.83333333333333,131985,113.484695035583,12658.5714285714,186.559120879121,522.874819088216,99.1810389610389,459.694685651569,58.1588021085739,4373.78521478521,121.685326086957,480.143841825343,65.2447854918005,5831.53260869566
2001.75,2001-10-01,-458.890548070925,-271.878756712173,956.476296126752,0.167178472616847,1.09759452094309,0.167178472616847,1.09759452094309,-67.6457960921125,183.796876100523,-216.32723227206,-0.300356687662529,1.85752118647038,1178.44248004102,27.91,2.87333333333333,1.895,2.81241935483871,-0.379410769230769,189.830669382262,177.5,1115.36766052246,14253.574,216111.666666667,2196.554,91.734,109874.333333333,20.4033333333333,5.5,131193,61.2870617841416,15777.7183468705,344.336304347826,584.161880872358,512.173373493976,623.866318782608,164.171633131039,41299.2334532937,173.915543478261,515.856979906956,35.7131380816129,5223.02173913043
2002,2002-01-01,-456.206700110012,-271.301127859925,957.309176683641,1.32839627442074,3.33152222755828,1.32839627442074,3.33152222755828,-68.3583707657218,184.977301106125,-210.900184148896,1.27496123691202,1.22423602642385,1178.12131767737,21.3608333333333,3.20333333333333,1.87866666666667,3.32483333333333,-0.479113846153846,116.857384288415,178.066666666667,1132.21483357748,14372.785,216664,2262.071,90.985,109373,21.61,5.7,130772.333333333,-79.8639669373745,-18940.5415458937,154.930888888889,504.297913934983,229.440222222222,543.564252595255,-80.3020661873531,-28273.3151271753,98.4473333333334,458.952171821076,-56.9048080858804,-7546.82101449275
2002.25,2002-04-01,-454.8387757286,-270.939060989195,957.920013852988,1.31667245229057,2.443348677388,1.31667245229057,2.443348677388,-68.822233293656,178.556461720118,-192.156188596496,3.13259106186301,1.30867450048049,1178.02007276443,21.643125,3.22333333333333,1.8721875,3.35984375,-0.592146153846154,105.318212252303,179.466666666667,1070.15000247955,14460.848,217203.666666667,2298.939,91.178,109138,26.27,5.83333333333333,130640,-0.759119694193267,-117.165811965819,153.759230769231,503.53879424079,203.378461538462,531.50685858662,-12.0573940086349,-2606.17606837607,121.971758241758,480.37895281137,21.4267809902942,2352.44249084249
2002.5,2002-07-01,-455.272677058171,-270.83861112353,958.325701257726,2.12380376121022,1.6227496189515,2.12380376121022,1.6227496189515,-69.2573602310826,160.200812252295,-185.14400512924,2.14875018896592,1.56398645001961,1177.95575324737,35.0684375,2.23,2.03359375,2.59859375,-0.421854615384615,141.876130099409,180.433333333333,895.488596916199,14519.633,217867.666666667,2295.983,90.85,108996.333333333,28.33,5.73333333333333,130556,-10.4255525874266,-1522.29264214046,138.536304347826,493.113241653363,168.022391304348,512.409725209556,-19.0971333770643,-3535.60702341138,120.109456521739,478.840346471842,-1.53860633952752,-186.230172001912
2002.75,2002-10-01,-455.679650256245,-271.024577067336,958.449229982124,1.97293385537183,0.494114897589526,1.97293385537183,0.494114897589526,-69.5726656611238,158.605737770369,-186.264314723437,2.35771542803285,2.22850447894345,1177.96341250243,30.72671875,1.89,2.11516129032258,2.63887096774194,-0.430050769230769,150.535444889975,181.5,886.52828502655,14537.58,218543,2293.746,90.989,108990,28.18,5.86666666666667,130566,18.4343910486568,2804.38043478261,166.580108695652,511.54763270202,181.928260869565,520.361243832462,7.95151862290657,1390.58695652174,165.733152173913,511.037897789009,32.1975513171669,4562.3695652174
2003,2003-01-01,-455.581033744602,-271.213477099584,958.974490058709,1.66531337506726,2.10104030634,1.66531337506726,2.10104030634,-70.4646759727231,154.632811907315,-168.160406858982,4.09285500335912,2.93297792055522,1177.84871762546,30.0226229508197,1.64666666666667,2.27098360655738,2.74524590163934,-0.539653846153846,190.666199044311,183.366666666667,860.76016385438,14614.141,220109.333333333,2312.465,90.527,108796.333333333,34.12,5.86666666666667,130416.333333333,46.229224782926,9790.06690821256,264.480777777778,557.776857484946,268.732444444444,559.371625431082,39.0103815986193,8680.41835748792,296.280333333333,569.130607820634,58.0927100316243,13054.718115942
2003.25,2003-04-01,-455.234826084741,-270.633270178843,959.856213103996,1.93619925100705,3.52689218114719,1.93619925100705,3.52689218114719,-70.9514187921966,163.389380873146,-184.129098606302,-0.654962395038794,1.98608955632977,1177.67066738157,21.5312698412698,1.42333333333333,2.19904761904762,2.56174603174603,-0.699689230769231,136.528413073941,183.066666666667,937.994601779514,14743.567,220774,2327.492,90.24,108595,29.0366666666667,6.13333333333333,130184.333333333,-35.3117266279281,-7868.44041514041,185.796373626374,522.465130857018,228.592967032967,543.194298550235,-16.1773268808466,-4013.94774114773,162.883956043956,509.303802115633,-59.8268057050007,-13339.6377289377
2003.5,2003-07-01,-452.017358902154,-269.317771906041,961.50573336259,3.18003210486353,6.5980810343774,3.18003210486353,6.5980810343774,-71.2510681848822,169.084761470829,-180.900473318431,2.97507040409926,2.19266961011311,1177.68014067904,19.32015625,1.68,2.549375,3.27984375,-0.69863,101.672127902741,184.433333333333,1000.38046932221,14988.782,221512.666666667,2411.638,90.376,108632.333333333,30.2133333333333,6.13333333333333,130196.666666667,-35.5987896968912,-5564.95258002867,130.146847826087,486.866341160127,164.128043478261,510.064687611142,-33.1296109390935,-6446.49235547061,104.540543478261,464.957497203021,-44.3463049126114,-5834.34125656952
2003.75,2003-10-01,-449.005937573554,-268.507593159921,962.65977006733,4.21054008520638,4.61614681896094,4.21054008520638,4.61614681896094,-71.296504430786,174.159559129566,-178.097875558488,1.51528998745434,1.98206324996848,1177.91540482028,17.4271875,1.86333333333333,2.42887096774194,3.35,-0.720428461538462,82.5418921066473,185.133333333333,1056.452501297,15162.76,222275.666666667,2493.928,90.798,108957,31.19,5.83333333333333,130503.333333333,-8.99821061197095,-1119.94565217392,118.947391304348,477.868130548156,149.493152173913,500.72505869249,-9.33962891865177,-1463.48913043479,99.2039130434783,459.717745951566,-5.23975125145553,-533.663043478258
2004,2004-01-01,-448.873324610775,-267.978675914649,963.22482209122,4.25033203251157,2.26020809556076,4.25033203251157,2.26020809556076,-70.9759485989829,180.283104155934,-166.684841387583,3.37070573723466,1.80152593343736,1178.22271482655,16.658064516129,1.69333333333333,2.32338709677419,3.07629032258065,-0.798616153846154,87.1699923041907,186.7,1132.67128630607,15248.68,222356,2498.14,91.2,109346.333333333,35.2566666666667,5.7,130905,2.66863371357236,321.700430004779,122.164395604396,480.536764261728,146.872307692308,498.956355412485,-1.76870328000467,-262.084448160539,106.276483516484,466.604403337098,6.88665738553231,707.257047300527
2004.25,2004-04-01,-445.250004395826,-267.483959099581,963.996787083114,4.14057397911893,3.08785996757663,4.14057397911893,3.08785996757663,-70.6347599766728,178.660578344554,-159.109521552914,3.13001774957229,2.74777096959014,1178.77831554377,16.2112698412698,2.45333333333333,2.14241935483871,3.50096774193548,-0.733184615384615,87.4031491629721,188.166666666667,1123.19645641696,15366.85,222973.333333333,2597.507,91.297,110024.666666667,38.33,5.6,131634.333333333,10.5056249514911,1353.25274725275,135.696923076923,491.042389213219,180.303846153846,519.464346194984,20.5079907824985,3343.15384615385,106.489450549451,466.804592436942,0.200189099843673,21.2967032966986
2004.5,2004-07-01,-443.994069875244,-266.856263731127,964.940910071632,3.4351767090417,3.77649195406846,3.4351767090417,3.77649195406846,-70.6659014138731,176.292697225425,-146.268242790523,2.5428303893456,2.63971096590172,1179.02642293634,15.4421875,2.56,1.74484375,2.7875,-0.704095384615385,93.9719864121718,189.366666666667,1103.90827941895,15512.619,223680,2638.672,91.817,110339,43.86,5.43333333333333,131961.333333333,3.81818081292566,528.133779264215,140.978260869565,494.860570026145,174.914782608696,516.429889879994,-3.03445631498924,-538.906354515046,125.342608695652,483.105085753393,16.3004933164506,1885.31581462016
2004.75,2004-10-01,-442.264107677295,-266.170617128001,965.955949203745,3.29617913641478,4.06015652845326,3.29617913641478,4.06015652845326,-70.5413642367529,180.409343083968,-137.679590166009,4.27212324955306,3.3289192814264,1179.44989177376,13.65140625,2.81333333333333,1.35338709677419,2.12838709677419,-0.713303571428571,93.8566991456421,191.4,1162.65203285217,15670.88,224418,2693.575,92.327,110841,48.3066666666667,5.43333333333333,132521.333333333,-19.0890781674413,-2449.88043478261,116.479456521739,475.771491858704,147.811304347826,499.593648967477,-16.8362409125173,-2710.34782608695,91.6817391304348,451.832322235932,-31.272763517461,-3366.08695652173
2005,2005-01-01,-439.768877923153,-265.343251324864,967.059204256669,3.83438216544825,4.41302021169463,3.83438216544825,4.41302021169463,-70.4498344591281,182.394083869723,-135.326421077964,2.01511761198283,2.99002225011344,1179.80191905405,12.7870491803279,3.44333333333333,0.848688524590164,1.7144262295082,-0.7041725,55.9128851098758,192.366666666667,1191.94786797195,15844.727,225038,2769.261,92.587,111249,49.7066666666667,5.3,132988.666666667,-15.7575141695453,-1698.12342995169,99.4982222222222,460.013977689158,107.408111111111,467.663570167291,-31.9300788001859,-4040.31932367151,89.8197777777778,449.780519357256,-2.05180287867535,-186.196135265706
2005.25,2005-04-01,-441.360924935311,-265.134056613024,967.550619287531,3.55383220441645,1.96566012344945,3.55383220441645,1.96566012344945,-70.1018294557768,180.880278050912,-129.502927862982,2.69407805399631,2.88103732621945,1180.34908766015,13.40734375,3.64333333333333,0.51265625,1.231875,-0.616901538461539,78.4974093141908,193.666666666667,1181.9740562439,15922.782,225674,2733.225,93.061,111952.333333333,53.0433333333333,5.1,133718.333333333,-10.8497680705635,-1023.03101343101,89.2679120879121,449.164209618595,101.030769230769,461.542511629534,-6.12105853775748,-637.73418803418,77.9052747252748,435.5493662077,-14.2311531495563,-1191.4503052503
2005.5,2005-07-01,-440.387746250515,-264.684349133483,968.331377457644,3.39046738601247,3.12303268045255,3.39046738601247,3.12303268045255,-69.8583954156443,182.885071044191,-113.676744561823,6.01309581170568,3.74860368180947,1180.89650162012,12.25078125,3.95333333333333,0.2571875,0.776875,-0.602065,79.1088786221581,196.6,1224.17437744141,16047.587,226422.333333333,2769.106,93.297,112597.333333333,63.08,4.96666666666667,134452.333333333,36.6180632070902,3947.56748686096,128.743586956522,485.782272825685,170.860108695652,514.08451438912,52.5420027595863,6982.9339464883,96.5733695652174,457.030302583378,21.4809363756777,1866.80948399426
2005.75,2005-10-01,-437.591845918753,-264.471479309183,968.885356694852,2.92940749110677,2.21591694883045,2.92940749110677,2.21591694883045,-69.773818280487,182.469687871268,-119.555322797743,3.71279351126752,3.60877124723809,1181.25361082873,12.781746031746,4.36333333333333,0.123606557377049,0.574590163934426,-0.578865384615385,69.9748694555516,198.433333333333,1230.46825396826,16136.734,227196,2857.35,93.896,113077.666666667,60.0333333333333,4.96666666666667,134933.333333333,-37.6521450642006,-4039.40217391304,88.3495652173913,448.130127761485,110.524239130435,470.523485554869,-43.5610288342513,-6033.58695652175,71.1584782608696,426.490947781447,-30.5393548019302,-2541.48913043478
2006,2006-01-01,-436.386370208179,-263.384611524357,970.221770539623,3.16256628295442,5.3456553790852,3.16256628295442,5.3456553790852,-69.3382832677038,186.181961991466,-114.702485034155,2.07757860036928,3.6243864943347,1181.84302648328,12.0424193548387,4.6,-0.0275806451612903,0.0704838709677419,-0.618553076923077,66.5263520098131,199.466666666667,1283.65500173261,16353.835,227763.666666667,2899.229,94.914,113855,63.3466666666667,4.73333333333333,135731,6.15099362181431,560.499033816427,93.9545555555556,454.281121383299,99.2784444444445,459.79284724058,-10.7306383142888,-1124.57946859903,88.6726666666667,448.495168699707,22.0042209182592,1751.41884057971
2006.25,2006-04-01,-437.25613156261,-263.419487932653,970.480189114513,2.929569826982,1.03367429955981,2.929569826982,1.03367429955981,-69.2050449350396,185.061860256007,-104.859257738454,3.59343624498827,3.84922604208269,1182.23494595404,14.5287301587302,4.99333333333333,0.0747619047619048,0.242539682539683,-0.587985384615385,77.3492684064795,201.266666666667,1280.81174432664,16396.151,228432.666666667,2882.564,95.13,114341.666666667,70.53,4.63333333333333,136264,-2.17909681864539,-202.521489621491,91.9293406593407,452.102024564653,95.8120879120879,456.238885564001,-3.55396167657895,-346.635653235657,86.7275824175824,446.277196949617,-2.21797175008991,-194.508424908429
2006.5,2006-07-01,-437.958255123033,-263.590303812303,970.630032718521,2.29865526087689,0.599374416032106,2.29865526087689,0.599374416032106,-69.2462323222689,184.706557262709,-105.921805614727,3.75837265943524,3.28554525401508,1182.54245325205,13.6079365079365,4.93,-0.0355555555555556,-0.141587301587302,-0.583044615384615,72.5802992711164,203.166666666667,1288.31730724517,16420.738,229166.333333333,2871.589,95.491,114661.666666667,70.4433333333333,4.63333333333333,136683.666666667,36.9774190406718,4112.98984710941,133.059239130435,489.079443605325,141.352826086957,495.125907748028,38.887022184027,4554.07381748686,128.969347826087,485.957476237579,39.680279287962,4224.17654085045
2006.75,2006-10-01,-440.151871409942,-263.052420898021,971.485810275063,2.60045358021088,3.42311022616642,2.60045358021088,3.42311022616642,-69.2935513039536,192.616031016351,-121.401759323705,-1.64406314473133,1.94633109001536,1182.81156948386,11.0349206349206,4.73666666666667,-0.106935483870968,-0.401129032258065,-0.627336923076923,52.0892268940438,202.333333333333,1388.63539341518,16561.866,229896,2818.228,95.942,114972.333333333,60.0933333333333,4.43333333333333,137052,-31.1433817739416,-3560.71739130434,97.4520652173913,457.936061831384,88.1004347826087,447.847746803335,-47.2781609446933,-5325.23913043478,102.689347826087,463.170839029011,-22.7866372085674,-2628
2007,2007-01-01,-441.20893104558,-263.161527744974,971.786194336776,1.56442379715269,1.20153624685244,1.56442379715269,1.20153624685244,-69.263324658626,194.182012182552,-125.699082761275,3.90248277384657,2.40255713338469,1183.21352738263,12.5636065573771,4.76666666666667,-0.0814516129032258,-0.435,-0.655382307692308,65.9666391841975,204.317,1424.3813116355,16611.69,230839.333333333,2800.037,95.895,115479,58.13,4.5,137604,-4.89953994607966,-465.962077294682,92.7924444444445,453.036521885304,89.5182222222223,449.444220480539,1.59647367720392,141.778743961355,92.7483333333333,452.988973187416,-10.1818658415954,-994.101449275361
2007.25,2007-04-01,-440.52825006997,-262.829646942331,972.396092628244,1.91590351373083,2.43959316587237,1.91590351373083,2.43959316587237,-69.2833310525478,198.040147781777,-115.700896893967,4.50475380244342,2.63038652274847,1183.47843012234,13.7319047619048,4.80666666666667,0.04234375,-0.0259375,-0.565985384615385,66.5793154887328,206.631,1497.17618815104,16713.314,231482,2827.01,96.31,115777.333333333,64.97,4.5,137969,-4.4638374638474,-405.101587301591,88.7414285714286,448.572684421457,98.5036263736264,459.009336347625,9.56511586708686,898.540415140415,79.6749450549451,437.795517068842,-15.1934561185745,-1307.33882783883
2007.5,2007-07-01,-441.997963098429,-262.569275624899,972.970465739174,2.34043302065352,2.29749244372286,2.34043302065352,2.29749244372286,-69.5541558224606,196.892649627995,-101.311211120374,2.52406945064188,2.32181072055013,1183.53905338444,21.5892063492064,4.38,0.347619047619048,0.304126984126984,-0.0633346153846154,81.5609009129639,207.939,1489.46349516369,16809.587,232210,2794.526,96.054,115827.333333333,75.5,4.66666666666667,138052.666666667,8.53682368074589,790.846273291932,96.6498913043479,457.109508102202,106.69347826087,466.996003423601,7.98666707597562,818.985188724312,90.5677173913044,450.609782936753,12.8142658679119,1089.27723363593
2007.75,2007-10-01,-443.462401707579,-262.255450581374,973.596737290394,2.1109270153314,2.50508620487793,2.1109270153314,2.50508620487793,-69.7590287368612,196.094343871764,-84.0226767605812,4.87671799570961,3.95200600566037,1183.7091335561,22.02984375,3.47666666666667,0.776935483870968,0.775,0.269246923076923,104.732379423786,210.489666666667,1495.7454662323,16915.191,232936.666666667,2762.518,95.792,115952,90.85,4.8,138287.666666667,-1.75340287671633,-167.989130434785,94.97,455.356105225486,87.2157608695652,446.838505849975,-20.1574975736258,-1947.77173913043,98.8796739130435,459.390369589896,8.78058665314274,831.195652173912
2008,2008-01-01,-446.178376702301,-262.627303399979,973.169059731391,1.38286539461507,-1.71071023601286,1.38286539461507,-1.71071023601286,-69.7402951851439,184.813952947184,-77.5719028667808,4.30945639980251,4.05374941214935,1183.73612677663,26.1201639344262,2.02333333333333,1.63590163934426,1.56081967213115,0.646202307692308,133.27717314278,212.769666666667,1350.66147500961,16843.003,232806.666666667,2686.998,95.468,115909,97.9533333333333,5,138325,-16.9334915183892,-1479.38461538462,80.1761538461538,438.422613707097,84.6227472527472,443.820311052653,-3.0181947973225,-259.301361681798,74.0918681318681,430.530578446982,-28.859791142914,-2478.78057811754
2008.25,2008-04-01,-448.131713451806,-262.292461957301,973.762722324522,1.36662969627857,2.37465037252633,1.36662969627857,2.37465037252633,-70.4574202058258,185.061759154882,-55.314985863384,5.17019125563998,4.22010877544849,1183.40108816796,20.67296875,2.42333333333333,1.46515625,2.23140625,0.624596153846154,92.0026720372274,215.537666666667,1371.62750434876,16943.291,233410,2641.85,94.917,115379,123.963333333333,5.33333333333333,137862.333333333,-3.78181393945942,-297.549450549451,77.2006593406593,434.640799767637,75.2771428571428,432.117654101201,-11.7026569514518,-934.56043956044,76.0246153846154,433.105717448605,2.57513900162314,193.274725274728
2008.5,2008-07-01,-450.442271086876,-263.118699374301,973.236079944244,0.265614205069475,-2.1065695211135,0.265614205069475,-2.1065695211135,-71.4347618594736,174.408044121006,-61.7893453558721,6.12045740968448,5.11920576520915,1182.88815340717,25.0734375,2.35666666666667,1.5021875,2.341875,0.926006153846154,144.812558939815,218.861,1252.02468299866,16854.295,234110.333333333,2589.254,93.872,114599.666666667,117.983333333333,6,137157,14.2833953187956,1185.3253702819,89.0539130434783,448.924195086433,95.9567391304348,456.389745584382,24.2720914831815,2067.95962732919,80.7675,439.157465688901,6.05174824029557,474.288461538463
2008.75,2008-10-01,-460.914357568415,-265.636844815976,971.022738670295,-2.57399862009855,-8.85336509579418,-2.57399862009855,-8.85336509579418,-73.139964123272,145.034654951504,-129.846654053793,-9.2672901428724,1.58320373056364,1181.71770025011,58.6046875,1.21333333333333,2.0191935483871,2.92290322580645,2.74857384615385,187.438112957417,213.848666666667,911.977345466614,16485.35,234825,2338.938,91.473,113006,58.37,6.86666666666667,135561,-11.4757272333681,-965.500000000002,79.3989130434783,437.448467853065,93.281195652174,453.561854040355,-2.82789154402785,-267.554347826078,69.6982608695652,424.417536579901,-14.7399291089994,-1106.92391304348
2009,2009-01-01,-473.015185952313,-266.815533750558,969.881375534305,-3.28768419708556,-4.5654525439609,-3.28768419708556,-4.5654525439609,-75.2173195482076,133.578234728426,-159.809668611838,-2.76098537385394,-0.184406712850471,1180.03249975114,45,0.906666666666667,1.83196721311475,2.52393442622951,2.15337307692308,185.119005524634,212.377666666667,807.665900558722,16298.262,234912.666666667,2073.135,89.016,110724,42.96,8.26666666666667,133295.666666667,-5.16169868331691,-399.435748792271,75.4045555555556,432.286769169748,76.2611111111111,433.416312436145,-20.1455416042096,-1702.00845410628,74.3105555555556,430.825300832977,6.40776425307577,461.229468599036
2009.25,2009-04-01,-479.235540107565,-267.226784716552,969.702564812542,-4.06015751197995,-0.715242887051204,-4.06015751197995,-0.715242887051204,-77.1947228196654,143.047053281349,-127.696528022376,2.12139307898127,-0.946606257015148,1178.62448865862,33.0157142857143,1.01333333333333,2.3031746031746,3.14952380952381,1.11168,115.448168140652,213.507,892.601427835132,16269.145,235459.333333333,1952.641,86.833,108808.666666667,59.5433333333333,9.3,131432,13.3635469654539,1078.10488400488,86.1856043956044,445.650316135202,83.5857142857143,442.587262373888,9.17094993774281,732.460317460318,85.4935164835165,444.844054246528,14.018753413551,1118.29609279609
2009.5,2009-07-01,-479.800438136194,-267.144965450747,970.053141967256,-3.18293797698761,1.40230861885584,-3.18293797698761,1.40230861885584,-78.2489707859517,153.125774575515,-114.9743309981,3.42685218996515,-1.62000756194498,1177.88245004084,25.48625,1.03333333333333,2.4878125,3.3578125,0.336403846153846,104.846360868672,215.344,995.748280525208,16326.281,236093,1946.867,85.747,107957.333333333,68.2033333333333,9.63333333333333,130460.333333333,-5.11023862837847,-429.364787386521,81.8919565217392,440.540077506823,76.8278260869565,434.156689337259,-8.43057303662924,-675.78881987578,80.7270652173913,439.107389968521,-5.73666427800745,-476.645126612516
2009.75,2009-10-01,-471.153324518498,-266.34309924039,971.128255505181,0.1055168348854,4.30045415169786,0.1055168348854,4.30045415169786,-78.9811666197978,161.272539308364,-104.842544407303,3.11953733661383,1.47669930792658,1177.51050970096,23.071875,0.873333333333333,2.58612903225806,3.40354838709677,-0.0252415384615385,98.1390386405122,217.03,1088.723279953,16502.754,236739,2128.516,85.743,107463,76.0666666666667,9.93333333333333,129976,8.51134103369313,727.532608695651,89.1672826086957,449.051418540517,90.8219565217391,450.890106828889,16.73341749163,1399.41304347826,85.2122826086956,444.514558551881,5.4071685833601,448.521739130432
2010,2010-01-01,-469.132179918405,-265.968408355773,971.611586527249,1.73021099294353,1.9333240882716,1.73021099294353,1.9333240882716,-79.2456406239732,164.26680286219,-101.690845985465,0.633511794378094,2.32532359998459,1177.36781751712,20.1496721311475,0.916666666666667,2.80016393442623,3.60803278688525,-0.258143076923077,126.090974241921,217.374,1123.5936019147,16582.71,236996.333333333,2174.335,86.109,107295.666666667,78.6266666666667,9.83333333333333,129790.666666667,-7.57286423646342,-650.317149758452,82.6641111111112,441.478554304053,83.7545555555555,442.789056391904,-8.10105043698473,-706.740096618361,80.4947777777778,438.819230999448,-5.69532755243332,-471.750483091785
2010.25,2010-04-01,-464.230985128449,-265.220295020052,972.57452150951,2.87195669696718,3.85173992904342,2.87195669696718,3.85173992904342,-79.125502416102,165.275511509817,-102.59690404344,-0.141102781034519,1.75969963498064,1177.85459606195,26.3914285714286,0.87,2.619375,3.34421875,-0.235156153846154,133.732553410074,217.297333333333,1134.58443971664,16743.162,237506,2288.469,86.762,107655.666666667,77.89,9.63333333333333,130424,9.23743375664294,799.984493284487,90.663956043956,450.715988060696,77.5468131868132,435.088179512007,-7.70087687989731,-620.774236874233,97.110989010989,457.585454099461,18.7662231000138,1661.62112332112
2010.5,2010-07-01,-460.138266205358,-264.703494424829,973.34264878001,3.28950681275355,3.07250908200132,3.28950681275355,3.07250908200132,-79.0769389293246,161.545389871054,-105.126987250452,1.17087152176509,1.19570446793063,1177.82929076879,24.28359375,0.54,2.24578125,2.6296875,-0.252416153846154,170.3055560638,217.934333333333,1096.24687480927,16872.266,238103.666666667,2390.072,87.167,107979,76.1666666666667,9.46666666666667,130391,-15.4653013610396,-1299.10212613473,77.6729347826087,435.250686699657,79.0579347826087,437.018093537467,1.92991402546001,151.112159579552,73.4364130434783,429.641990311886,-27.9434637875756,-2367.45759675107
2010.75,2010-10-01,-460.677018845363,-264.434643915758,973.866385144455,2.73812963927416,2.09494545778028,2.73812963927416,2.09494545778028,-78.8965774347108,170.163247597753,-94.9293494939888,3.22585341927351,1.22228348859554,1178.09149040763,19.3184375,0.483333333333333,2.39129032258065,2.73887096774194,-0.451439285714286,160.453451337148,219.699,1204.58562088013,16960.864,238711.333333333,2383.297,87.587,108450,85.0266666666667,9.5,130733.333333333,10.475075032299,857.771739130436,86.250652173913,445.725761731956,83.1945652173913,442.118202378724,5.10010884125745,413.66304347826,87.8970652173913,447.616641639076,17.9746513271902,1446.0652173913
2011,2011-01-01,-462.616155676571,-264.730901196538,973.62889847085,2.01731194360129,-0.949946694419879,2.01731194360129,-0.949946694419879,-78.599443024103,176.91889998638,-85.9792065552048,4.24625260314713,2.1254686907878,1178.33977956908,18.6148387096774,0.693333333333333,2.76370967741936,3.33064516129032,-0.57866,123.298974597867,222.043666666667,1302.52902713899,16920.632,238851.666666667,2338.901,87.739,108836.666666667,93.98,9.03333333333333,131058.333333333,16.4732538754185,1544.55700483092,101.696222222222,462.199015607374,106.824222222222,467.118470064444,25.0002676857202,2362.96570048309,98.0851111111111,458.583558248502,10.9669166094261,1018.80458937198
2011.25,2011-04-01,-458.802784888567,-264.250811116406,974.303202217717,1.72868070820709,2.69721498746662,1.72868070820709,2.69721498746662,-78.1084350525403,176.994319047215,-78.3797052512522,4.52239269812012,3.29134256057646,1178.86159245696,17.482380952381,0.566666666666667,2.63984126984127,3.15619047619048,-0.574375384615385,116.144548905311,224.568333333333,1318.33285861545,17035.114,239316,2434.538,88.621,109585,102.553333333333,9.06666666666667,131744,-8.56236914877231,-834.523321123324,93.350989010989,453.636646458602,109.823186813187,469.887167994351,2.76869792990677,299.896459096456,80.9878021978022,439.429855318201,-19.1537029303007,-1709.73089133089
2011.5,2011-07-01,-458.593509984315,-264.504768789784,974.280886992138,0.938238212128262,-0.0892609023139812,0.938238212128262,-0.0892609023139812,-77.837018038544,169.023570382428,-92.4097286028655,2.59979625113189,3.64857374291816,1179.17231882085,30.58359375,0.283333333333333,2.135,2.38921875,-0.260807857142857,235.083995782636,226.032666666667,1225.26844215393,17031.313,239871,2445.296,88.85,110137.666666667,89.71,9,132154,-12.2339677141508,-1074.95759675108,82.6014130434783,441.402678744451,101.652934782609,462.156441110479,-7.73072688387178,-817.025203057806,64.6970652173913,416.971584062322,-22.4582712558796,-1629.07369804109
2011.75,2011-10-01,-451.399585155244,-263.621304474206,975.397676673285,1.53129152882965,4.46715872458583,1.53129152882965,4.46715872458583,-77.5285542393257,168.606911672048,-88.1190198370062,1.79159241274469,3.29000849128596,1179.59240871705,29.9395238095238,0.263333333333333,1.78311475409836,2.03196721311475,-0.0995292307692308,154.880807358511,227.047333333333,1225.65126836868,17222.583,240431.333333333,2633.829,89.687,110736,94.0633333333333,8.63333333333333,132710.333333333,-1.89055559287956,-154.695652173913,81.0544565217391,439.512123151571,79.8294565217391,437.989256568939,-24.1671845415402,-2182.34782608696,81.7432608695652,440.358337053304,23.3867529909827,1704.61956521739
2012,2012-01-01,-450.038685513399,-263.616532844991,976.232770855164,2.60387238431363,3.34037672751606,2.60387238431363,3.34037672751606,-77.6220015196033,177.618408121382,-79.7081579368747,2.24636786333221,2.79003730633223,1180.18592536982,18.2040322580645,0.286666666666667,1.75048387096774,1.96935483870968,-0.372805384615385,124.200522060685,228.326,1348.78371503276,17367.01,242436,2692.179,90.354,111555,102.893333333333,8.26666666666667,133500.333333333,5.57072307563713,464.345556617293,85.6979120879121,445.082846227209,75.2226373626374,432.04522144142,-5.94403512751853,-460.681915910176,93.547032967033,453.846433620466,13.4880965671615,1180.37720974677
2012.25,2012-04-01,-448.038011369728,-263.390527351224,976.678112481796,2.37491026407923,1.78136650652903,2.37491026407923,1.78136650652903,-77.4438200451633,177.473851960901,-89.5135714258688,0.843516655722354,1.87031829573279,1180.50227758954,20.0357142857143,0.29,1.53625,1.7375,-0.323471538461539,143.436833728374,228.808,1349.6785656157,17444.525,242968.333333333,2752.614,90.471,111999.333333333,93.48,8.2,133923.333333333,-1.44164094160031,-122.659340659338,84.4713186813187,443.641205285608,79.6132967032967,437.718112291131,5.67289084971012,439.065934065935,84.9728571428572,444.233187776327,-9.61324584413923,-857.417582417577
2012.5,2012-07-01,-448.019978785865,-263.491465206281,976.822036858282,2.54114986614393,0.575697505944817,2.54114986614393,0.575697505944817,-77.3143814250061,180.751503312395,-91.2668703923872,1.80181663399637,1.67082339144891,1180.81093284923,16.1926984126984,0.26,1.38349206349206,1.53968253968254,-0.429832307692308,168.622009674865,229.841,1400.9457155258,17469.65,243564,2759.86,90.992,112419.333333333,92.27,8.03333333333333,134337.333333333,-11.7828886934634,-938.914476827519,75.0821739130435,431.858316592145,77.5875,435.140633173977,-2.57747911715347,-202.579670329673,72.1335869565218,427.851977433115,-16.3812103432121,-1283.92701863354
2012.75,2012-10-01,-449.120901541814,-263.623978147501,976.937610599857,1.53993392657252,0.462294966300192,1.53993392657252,0.462294966300192,-77.0785523040835,181.308546965088,-96.4861933923159,2.65100552537056,1.88567666960537,1181.19603496847,16.7529032258065,0.27,1.43950819672131,1.61737704918033,-0.566481538461539,195.648337721072,231.369333333333,1418.13903021043,17489.852,244169,2736.423,91.52,112964.666666667,88.16,7.8,134855.666666667,4.93169842436183,379.565217391304,78.8778260869565,436.790015016507,86.5310869565218,446.050373615447,10.9097404414701,894.358695652177,70.8534782608696,426.061405823962,-1.79057160915255,-128.010869565216
2013,2013-01-01,-445.486201985724,-262.912055989678,977.919336526409,1.68656567124508,3.92690370620628,1.68656567124508,3.92690370620628,-76.7666828256726,187.447045180037,-90.098016928246,1.60459623691196,1.72523376300031,1181.67047788354,13.527,0.266666666666667,1.68816666666667,1.86466666666667,-0.654136923076923,158.012439090102,232.299333333333,1513.97999674479,17662.4,244828.666666667,2845.38,92.128,113623.666666667,94.3533333333333,7.73333333333333,135497,4.64363534626955,374.917391304346,82.627,441.433650362776,89.1872222222223,449.07377806951,3.02340445406317,265.61352657005,80.7274444444445,439.107859731866,13.0464539079043,987.396618357486
2013.25,2013-04-01,-444.408594817159,-262.862923064647,978.186615352922,1.50850287112654,1.06911530605487,1.50850287112654,1.06911530605487,-76.4572835965446,193.674209649469,-90.1263467535689,-0.43818061814811,1.4048094445327,1182.10153736991,14.83703125,0.27,1.71609375,1.9346875,-0.692166923076923,123.698168076862,232.045,1609.49125099182,17709.671,245363.333333333,2882.489,92.504,114224.666666667,94.2233333333333,7.53333333333333,136082.333333333,4.659652133524,394.124175824176,86.5682417582418,446.0933024963,88.3335164835165,448.111961071426,-0.961816998084064,-85.3705738705756,84.7618681318681,443.98457734105,4.87671760918325,403.442368742367
2013.5,2013-07-01,-440.689708801671,-262.258421567916,979.034405008172,2.21236814989005,3.39115862099888,2.21236814989005,3.39115862099888,-76.2048287934035,197.120958828952,-79.0554142016014,2.15754426108461,1.49374135130476,1182.49537485589,14.2796875,0.366666666666667,2.340625,2.674375,-0.669318461538462,126.69520157048,233.3,1674.94359207153,17860.45,245961,2998.991,92.876,114792.333333333,105.823333333333,7.23333333333333,136619.333333333,1.51752683936452,132.371476349738,87.8919565217391,447.610829335665,92.3080434782609,452.513128265515,4.40116719408818,397.452699474437,83.8716304347826,442.9287420831,-1.05583525794923,-89.023769708551
2013.75,2013-10-01,-439.97850120267,-261.635453524716,979.902369031998,2.96475843214132,3.47185609530527,2.96475843214132,3.47185609530527,-75.9111723582755,202.19656001192,-87.7771782494526,1.47634060639064,1.20007512155977,1182.95107850287,14.2328125,0.326666666666667,2.41693548387097,2.68403225806452,-0.755342307692308,143.436405946159,234.162666666667,1768.66734695435,18016.147,246564.333333333,3027.805,93.138,115412.333333333,97.3433333333333,6.93333333333333,137243.333333333,-17.9029947910932,-1440.71739130435,73.4847826086957,429.707834544571,67.2119565217392,420.785115613307,-31.7280126522073,-2509.60869565217,75.0119565217391,431.76475211201,-11.1639899710902,-885.967391304349
2014,2014-01-01,-441.174168945959,-262.19249709775,979.556676217032,1.63733969062374,-1.38277125986406,1.63733969062374,-1.38277125986406,-75.6761394742765,205.250495689948,-86.9666933993611,2.48342055499897,1.41978120108153,1183.32150855695,14.8288524590164,0.373333333333333,2.39065573770492,2.71606557377049,-0.780061538461539,100.697719692356,235.621,1834.87114778112,17953.974,247086,2998.148,93.496,115928.666666667,98.7466666666667,6.66666666666667,137752.666666667,20.4000889017223,1662.95507246376,90.1143333333333,450.107923446294,74.8581111111111,431.559446987249,10.774331373942,764.615458937199,98.4903333333333,458.995840461424,27.2310883494135,2347.83768115942
2014.25,2014-04-01,-437.365919536883,-261.126833160138,980.840245239947,2.65362988702496,5.13427609165973,2.65362988702496,5.13427609165973,-75.2371806889472,208.22839837172,-82.9432285332431,2.11869445870967,2.05899997029597,1183.90057970685,12.738253968254,0.42,2.20142857142857,2.58793650793651,-0.786600769230769,94.9923137722185,236.872333333333,1900.37269616506,18185.911,247625,3121.321,94.487,116692.666666667,103.346666666667,6.2,138552.666666667,1.29620181140524,117.566666666673,91.29,451.404125257699,80.8517582417582,439.261733274718,7.70228628746841,599.364713064708,100.159450549451,460.676342160841,1.68050169941756,166.911721611719
2014.5,2014-07-01,-435.335796166601,-260.163865665654,982.048310072526,3.0139050643534,4.83225933031264,3.0139050643534,4.83225933031264,-74.8631938519433,211.870698856932,-88.7356334092488,1.0220292661419,1.77512122156029,1184.43971242812,13.07265625,0.516666666666667,1.98453125,2.473125,-0.732152307692308,76.1999751075168,237.478333333333,1975.90812110901,18406.941,248232.666666667,3193.152,95.241,117417.333333333,97.78,6.06666666666667,139301.666666667,37.686100802622,4178.35869565217,133.073586956522,489.090226060321,114.784673913043,474.305797247359,35.0440639726417,3393.29156712852,152.870434782609,502.959073114188,42.2827309533466,5271.09842331582
2014.75,2014-10-01,-435.262338659279,-259.904842822157,982.552768674069,2.65039964207041,2.01783440617334,2.65039964207041,2.01783440617334,-74.4851726084726,213.797490382505,-117.494003920834,-0.995011404792479,1.15728321876452,1184.99951421359,16.07234375,0.54,1.73935483870968,2.25338709677419,-0.639479230769231,97.9786179566923,236.888333333333,2009.34437561035,18500.031,248842.666666667,3203.351,96.203,118151.666666667,73.16,5.7,140083.666666667,-46.6601208425306,-4961.91304347826,83.4544565217392,442.43010521779,82.1757608695653,440.88603786442,-33.4197593829391,-3260.89130434782,83.4666304347826,442.444691646967,-60.5143814672206,-6940.38043478261
2015,2015-01-01,-432.263755664307,-259.432654993563,983.449223461761,3.89254724472892,3.58581915076996,3.89254724472892,3.58581915076996,-74.3594040674801,217.115582916036,-157.870681227735,-2.59754006208084,-0.112956935505437,1185.49015750728,16.5647540983607,0.603333333333333,1.36426229508197,1.94426229508197,-0.527036153846154,101.37755399129,235.355,2063.68983534516,18666.621,249900.666666667,3314.895,96.688,118803.333333333,48.54,5.53333333333333,140772.666666667,25.7485465335023,2450.83212560386,107.962777777778,468.178651751293,112.708555555556,472.480533258812,31.5944953943915,3053.27946859903,105.539111111111,465.908160564824,23.463468917857,2207.24806763285
2015.25,2015-04-01,-432.091830425148,-259.039264844173,984.066718120015,3.22647288006763,2.46997863301459,3.22647288006763,2.46997863301459,-74.0236466733777,218.267187271004,-141.009551882225,2.71853517747402,0.0370032441856516,1185.99207114313,13.7401587301587,0.613333333333333,1.55171875,2.14609375,-0.547613846153846,107.247980045152,236.96,2101.82905505953,18782.243,250461.333333333,3328.049,96.953,119470.333333333,57.8466666666667,5.43333333333333,141481,-22.4108459561914,-2167.58547008547,86.2869230769231,445.767805795101,83.9434065934066,443.01428407537,-29.4662491834418,-2876.51489621489,87.6615384615385,447.348324516222,-18.5598360486026,-1787.75726495726
2015.5,2015-07-01,-432.129364806773,-258.894091934481,984.466164331584,2.41785425905849,1.59778484627608,2.41785425905849,1.59778484627608,-73.7686320429995,214.274956657446,-163.400265417036,1.50795751606054,0.158485306665312,1186.44997560011,19.30734375,0.693333333333333,1.530625,2.18046875,-0.464936153846154,142.39036673023,237.855,2027.20000267029,18857.418,251099,3335.27,97.076,120080.333333333,46.4166666666667,5.1,142130.333333333,8.99010118993395,811.666387959862,94.4035869565217,454.757906985035,80.7571739130435,439.144679918504,-3.86960415686604,-318.623268036309,104.240869565217,464.670427473515,17.3221029572932,1657.9331103679
2015.75,2015-10-01,-432.984373260896,-258.965264925843,984.650473504295,2.09770483022567,0.737236690842025,2.09770483022567,0.737236690842025,-73.4735024800702,215.513661708216,-173.510713217538,-0.0302716884178267,0.399670235758975,1186.93497108202,17.03328125,0.833333333333333,1.35225806451613,2.065,-0.435299230769231,100.74969367642,237.837,2052.31187820435,18892.206,251741.333333333,3315.334,97.782,120743.333333333,41.95,5.03333333333333,142821.333333333,27.3923699291132,2974.79347826088,124.15152173913,482.150276914148,166.956630434783,511.773408069408,72.6287281509039,8619.94565217391,98.4044565217392,458.908609288773,-5.76181818474222,-583.641304347825
2016,2016-01-01,-433.747795267761,-258.720274706303,985.228320156142,1.7790966943803,2.3113866073885,1.7790966943803,2.3113866073885,-73.3604011906428,210.524811627476,-196.891675702551,-0.248426488397513,0.986948629179807,1187.35768258071,20.4862295081967,0.836666666666667,1.07803278688525,1.62377049180328,-0.326331538461538,144.556426251722,237.689333333333,1951.22491355021,19001.69,252580.666666667,3301.09,98.03,121283,33.1833333333333,4.9,143426.333333333,-14.2811517889708,-1652.24008600096,107.629120879121,467.869125125178,115.445494505495,474.87985095344,-36.8935571159683,-5151.11359292881,101.925824175824,462.424533477343,3.51592418857001,352.1367654085
2016.25,2016-04-01,-434.411536402725,-258.636667996673,985.548929722409,1.48221160239395,1.28243826506917,1.48221160239395,1.28243826506917,-73.1890034395896,215.884923882233,-166.327158326287,3.18640861613346,1.10391698884467,1187.73393856288,15.6759375,0.773333333333333,0.97890625,1.49078125,-0.37679,142.197283845161,239.590333333333,2075.13140678406,19062.709,253180,3287.033,98.281,121779.333333333,45.4066666666667,4.93333333333333,143967,-22.8882734452922,-2201.85714285714,85.6105494505495,444.980851679885,92.0478021978022,452.230803121591,-22.6490478318489,-2339.76923076923,80.9018681318682,439.323691566271,-23.100841911072,-2102.3956043956
2016.5,2016-07-01,-434.251385314423,-258.196036043763,986.255815641519,1.78965130993536,2.82754367644174,1.78965130993536,2.82754367644174,-72.9324542695849,219.564901953967,-167.984269392845,1.69430481012789,1.1505038123615,1188.25307834667,13.23390625,0.726666666666667,0.83625,1.26609375,-0.351827857142857,119.229187231085,240.607333333333,2162.05686950684,19197.938,253855,3301.079,98.761,122417.666666667,44.85,4.9,144716.333333333,20.2165389635402,1918.10809842332,104.791630434783,465.197390643426,128.795,485.822199304097,33.591396182506,3674.71978021978,89.8610869565217,449.826499967972,10.5028084017009,895.921882465353
2016.75,2016-10-01,-431.809001438409,-257.910516921501,986.80858417014,2.15811066584592,2.21107411448429,2.15811066584592,2.21107411448429,-72.7845048685247,219.982148067157,-159.488851382067,2.53110511139489,1.79084801231468,1188.59982268067,14.0979365079365,1.00666666666667,1.12918032786885,1.70540983606557,-0.414464615384615,174.530079590052,242.134666666667,2184.87855747768,19304.352,254534.333333333,3391.749,98.848,122927,49.1366666666667,4.76666666666667,145219,-14.629381960655,-1426.17391304348,90.5298913043478,450.568008682771,99.6389130434783,460.155278149745,-25.6669211543518,-2915.60869565217,85.4845652173913,444.833583587314,-4.99291638065795,-437.652173913044
2017,2017-01-01,-431.963245246524,-257.311989645889,987.294292903244,2.06597274710241,1.94283493241443,2.06597274710241,1.94283493241443,-72.2136568342171,225.536753065794,-154.976036293031,2.80510368203899,2.55423055492381,1189.00939739233,11.691935483871,1.24,1.20225806451613,1.84048387096774,-0.485935384615385,175.809347417068,243.838666666667,2325.92789976059,19398.343,254247.333333333,3382.703,99.194,123491.333333333,51.7666666666667,4.56666666666667,145815,15.085155789136,1474.04420289855,105.270333333333,465.653164471907,98.9322222222222,459.443499165459,-0.711778984285694,-70.6690821256117,110.046444444444,470.090249890392,25.2566663030783,2456.18792270532
2017.25,2017-04-01,-430.607645375235,-256.95930330353,987.852604004542,2.30367428213292,2.23324440519121,2.30367428213292,2.23324440519121,-71.982688475245,228.471830758746,-162.147135525736,0.46124130378189,1.87293872683592,1189.39544275975,11.4263492063492,1.29333333333333,0.963333333333333,1.35285714285714,-0.534492307692308,136.067680836519,244.12,2397.97093563988,19506.949,254770.666666667,3435.929,99.823,124031.666666667,48.24,4.36666666666667,146379,8.25621646533126,906.021611721613,114.330549450549,473.909380937238,115.426153846154,474.863096484431,15.4195973189721,1649.39316239317,112.834395604396,472.592121815449,2.50187192505695,278.795115995115
2017.5,2017-07-01,-429.18527723951,-256.403618438912,988.638035530227,2.3822198887073,3.14172610273928,2.3822198887073,3.14172610273928,-71.7871057100593,230.839994542669,-162.783094119166,1.90761834110837,1.92626710958104,1189.7502823917,10.9442857142857,1.36333333333333,0.878730158730159,1.18746031746032,-0.569780769230769,131.872685344843,245.287,2467.17462642609,19660.766,255356.666666667,3493.166,100.05,124560.333333333,48.1633333333333,4.33333333333333,146899.333333333,4.12957799645319,482.021141901578,119.150760869565,478.038958933691,88.7544565217392,448.587364142428,-26.2757323420029,-2667.16973244147,142.338586956522,495.820863458089,23.2287416426402,2950.41913521262
2017.75,2017-10-01,-427.550826367714,-255.511574746068,989.758778307166,2.95019413702562,4.48297110775755,2.95019413702562,4.48297110775755,-71.6842535882902,235.417365295185,-149.637505572893,3.16953206040189,2.08587384683279,1190.05569393748,10.3079365079365,1.69666666666667,0.677096774193548,1.14483870967742,-0.603086923076923,125.832903998165,247.238333333333,2603.27731662327,19882.352,255941.333333333,3558.859,100.678,124974,55.3666666666667,4.16666666666667,147348.666666667,-28.1792005944323,-2925.97826086957,89.8909782608696,449.859758339259,71.8642391304348,427.477877146276,-21.1094869961519,-1689.02173913044,104.564347826087,464.980265056782,-30.8405984013072,-3777.42391304349
2018,2018-01-01,-426.431018046029,-255.089722001897,990.568897762083,3.27460485883897,3.24047781966783,3.27460485883897,3.24047781966783,-71.5797669127463,239.458570592548,-137.740973221417,3.35644523507739,2.22370923509239,1190.49540391414,17.3547540983607,2.16333333333333,0.598032786885246,1.17639344262295,-0.563016923076923,154.272884339958,249.321666666667,2733.47672259221,20044.077,256937,3612.936,101.265,125591.333333333,62.8866666666667,4.03333333333333,147998,-0.105715250636695,-9.49782608695813,89.796,449.754043088622,65.1624444444445,417.688329752443,-9.78954739383342,-670.179468599032,109.577888888889,469.66356104464,4.68329598785795,501.354106280198
2018.25,2018-04-01,-426.647950539392,-254.762092077433,991.09831899246,3.24571498791801,2.11768492150739,3.24571498791801,2.11768492150739,-71.2595324673199,237.79928640816,-130.417545505132,2.17173577249632,2.65133285227099,1190.97332059872,15.3375,2.47333333333333,0.44359375,1.0459375,-0.545116153846154,145.238284869002,250.679,2703.13124465943,20150.476,257456,3612.389,101.762,126248.666666667,68.0333333333333,3.93333333333333,148707,25.5088707423806,2609.25714285715,115.888571428571,475.262913831003,71.0348351648351,426.317039284321,8.62870953187755,587.239072039068,149.465714285714,500.706703064774,31.043142020134,3988.78253968254
2018.5,2018-07-01,-423.888887097475,-254.377114205101,991.720079474982,3.08204394475577,2.48704193009033,3.08204394475577,2.48704193009033,-71.0923752640755,242.675081139726,-128.31706076386,1.60414680962369,2.57546496939982,1191.31703044885,12.8568253968254,2.67333333333333,0.257936507936508,0.849206349206349,-0.580477692307692,137.383879870034,251.686333333333,2849.60143074157,20276.154,258066.333333333,3722.248,102.206,126759.666666667,69.7566666666667,3.76666666666667,149219,-15.6233203289121,-1676.21583850932,99.1264130434783,459.639593502091,67.7194565217391,421.537353185971,-4.77968609834942,-331.537864309601,121.208043478261,479.750843676532,-20.9558593882419,-2825.76708074535
2018.75,2018-10-01,-424.068170161253,-254.482101829561,991.861623473301,2.10284516613477,0.566175993273532,2.10284516613477,0.566175993273532,-71.0212245957544,236.836295838421,-145.341050792514,1.62517604040495,2.18937596440059,1191.605896811,21.0536507936508,2.8,0.238360655737705,0.684426229508197,-0.501143076923077,175.877914493684,252.711,2698.92682756697,20304.874,258703.333333333,3724.752,102.529,127163,59.0766666666667,3.83333333333333,149650.666666667,-13.737555040606,-1272.35869565217,86.4028260869566,445.902038461485,58.6470652173913,407.153753492834,-14.3835996931375,-907.239130434785,106.375217391304,466.697263052298,-13.0535806242334,-1483.28260869565
2019,2019-01-01,-423.123807099078,-253.738276272852,992.484000764028,1.91510300194455,2.48950916290696,1.91510300194455,2.48950916290696,-70.5522711848668,237.384366042488,-153.073600862645,1.06646356042681,1.61688054573794,1191.93212509744,16.47,2.48333333333333,0.167868852459016,0.214426229508197,-0.548227692307692,196.13564178726,253.385666666667,2721.00441854508,20431.641,258389.333333333,3755.53,102.56,127605.666666667,54.8266666666667,3.86666666666667,150139.666666667,2.10462862710932,183.772946859899,88.2405555555556,448.006667088594,60.2064444444445,409.777939715744,2.62418622291021,155.937922705317,109.461,469.55683214314,2.85956909084115,308.578260869561
2019.25,2019-04-01,-422.392259181406,-253.090003299368,993.315678557317,2.21735956485727,3.32671117315826,2.21735956485727,3.32671117315826,-70.3573602429007,242.412048855217,-145.150609440611,2.92812299645782,1.80597735172832,1192.29424199094,15.1830158730159,2.12,0.210952380952381,-0.0158730158730159,-0.596176923076923,159.511966589706,255.247333333333,2882.32776460194,20602.275,258863.666666667,3790.049,102.88,128089.333333333,59.7833333333333,3.63333333333333,150684.333333333,8.32576449517379,766.120268620271,95.9017582417583,456.332431583768,57.6218681318682,405.390215071825,-4.38772464391874,-258.457631257631,122.062747252747,480.453523425899,10.8966912827596,1260.17472527473
2019.5,2019-07-01,-421.825862532975,-252.145973184666,994.478888815408,2.75880934042565,4.65284103236385,2.75880934042565,4.65284103236385,-70.2248014635924,244.668699442762,-151.358923984761,1.31733288992386,1.73427387180336,1192.60765159565,15.96015625,1.68666666666667,0.11203125,-0.228125,-0.549379230769231,225.636363103013,256.089333333333,2957.83640670777,20843.322,259431.666666667,3819.94,103.175,128540.666666667,56.37,3.6,151157.333333333,1.40634891379623,135.824175824172,97.26,457.738780497564,63.774347826087,415.535103780682,10.1448887088571,615.247969421886,121.706195652174,480.160990791847,-0.292532634051934,-35.6551600573354
2019.75,2019-10-01,-423.355128510268,-251.691135849559,995.158452412213,3.29682893891263,2.71825438722146,3.29682893891263,2.71825438722146,-70.1398594129952,248.105377287115,-151.023463735003,2.79961608040118,2.02788388180242,1192.92711641746,13.98578125,1.59,0.200806451612903,0.184354838709677,-0.55564,173.498886394046,257.888,3082.75561141968,20985.448,260015.333333333,3770.431,102.938,128939.333333333,56.9566666666667,3.6,151641,-18.9349386039443,-1677.76086956521,80.4823913043479,438.80384189362,60.874347826087,410.88118680162,-4.65391697906235,-290.000000000003,94.5456521739131,454.908280963587,-25.2527098282606,-2716.05434782608
2020,2020-01-01,-425.801699182793,-252.944799255936,993.756225921962,1.27222515793406,-5.60890596100734,1.27222515793406,-5.60890596100734,-70.0081015092923,246.869551898949,-173.278632348298,1.43937677453394,2.1211121853292,1192.99194154023,31.2245161290323,1.1,0.283548387096774,0.260967741935484,-0.349743846153846,268.908562638055,258.817666666667,3055.86918394027,20693.238,259629.333333333,3673.842,101.427,128917.666666667,45.7566666666667,3.83333333333333,151739.333333333,21.6894376239563,1949.38724319159,99.9762637362638,460.493279517576,68.6325274725275,422.876658375995,11.995471574375,775.817964644054,126.47956043956,484.008071755963,29.0997907923767,3193.39082656474
2020.25,2020-04-01,-440.935671823578,-261.3455684455,985.516966932449,-7.79871162486856,-32.9570359580522,-7.79871162486856,-32.9570359580522,-84.1119011631353,243.701539175921,-222.104161936042,-3.92256184693203,0.408440974481739,1180.3441019318,34.4936507936508,0.193333333333333,0.493968253968254,0.545396825396825,-0.0795069230769231,401.716084188206,256.292,2931.6855546255,19056.617,260049,3162.976,87.551,112140.333333333,27.8066666666667,13,133711.666666667,-35.2420514501072,-2969.45054945056,70.2817582417582,425.251228067469,46.9962637362638,385.006810357705,-37.8698480182894,-2163.62637362637,84.7069230769231,443.919733476314,-40.0883382796494,-4177.26373626374
2020.5,2020-07-01,-424.167521663778,-254.002200143265,993.055748340624,-1.42314047478429,30.1551256327009,-1.42314047478429,30.1551256327009,-78.5379993096005,254.998653086277,-184.671650094166,4.54645282339996,1.21572095785076,1185.37785677594,25.80890625,0.14,0.5096875,0.5371875,-0.483350769230769,314.65821425993,259.221666666667,3319.83407211304,20548.793,260557.666666667,3747.725,94.767,118800.333333333,40.8933333333333,8.8,140614.666666667,2.4842007295887,176.780697563309,72.0495652173913,427.735428797058,37.7642391304348,363.13626000829,-21.8705503494157,-923.202460582898,95.9332608695652,456.36527504294,12.4455415666262,1122.63377926421
2020.75,2020-10-01,-421.316666019185,-253.123582368993,994.134632905923,-1.02381950629091,4.31553826119497,-1.02381950629091,4.31553826119497,-77.0210571042675,261.109843336133,-181.646612551603,2.87520296975536,1.23461768018931,1186.76585246716,25.62171875,0.153333333333333,0.714838709677419,0.771612903225806,-0.546119230769231,319.997620567163,261.091666666667,3554.50109100342,20771.691,261080,3863.835,96.832,120858,42.4533333333333,6.76666666666667,142580,-3.19803718218425,-226.771739130433,69.781847826087,424.537391614873,44.6128260869565,379.802139810773,16.6658798024831,684.858695652174,88.1370652173913,447.889316202935,-8.4759588400054,-779.619565217389
2021,2021-01-01,-421.869743734284,-251.693064399671,995.505381216528,1.74915529456605,5.48299324242052,1.74915529456605,5.48299324242052,-76.2445606403177,268.513957643924,-151.794451511591,3.95548260064267,1.86364413671649,1187.42784497933,23.2024590163934,0.133333333333333,1.20377049180328,1.28475409836066,-0.630284615384615,205.203760430274,263.686333333333,3865.70689917393,21058.379,260924,3840.228,97.837,121727.333333333,57.79,6.23333333333333,143527,7.26607146864557,525.915217391301,75.041,431.803463083519,47.7542222222222,386.606748651965,6.80460884119194,314.139613526569,95.3414444444445,455.746460011759,7.85714380882441,720.437922705317
2021.25,2021-04-01,-423.623109117566,-250.247447456272,997.063228393045,11.5462614605965,6.23138870606965,11.5462614605965,6.23138870606965,-75.1412566714142,274.57861205737,-140.213013057476,7.35492584460644,4.68301605960111,1188.55711942631,18,0.173333333333333,1.4165625,1.565625,-0.686456923076923,154.175881551465,268.579666666667,4183.6263640873,21389.005,261217,3777.719,99.575,123216,66.09,5.93333333333333,145157,9.89108949918931,780.185714285715,82.8428571428571,441.694552582708,54.4717582417583,399.768236995959,13.1614883439946,671.753601953604,104.697692307692,465.107707663733,9.36124765197404,935.62478632479
2021.5,2021-07-01,-419.99693684645,-249.550589475869,997.912461574831,4.85671323420718,3.39693272714356,4.85671323420718,3.39693272714356,-73.7274322983008,278.519882856686,-135.169475669803,6.36310680360026,5.13717955465118,1189.98123958372,18.28734375,0.226666666666667,1.0990625,1.27515625,-0.66025,170.222357034166,272.886333333333,4421.58795166016,21571.421,261615.333333333,3923.193,101.064,125161,70.6233333333333,5.06666666666667,147239,-10.4413149959732,-821.361801242236,74.6292391304348,431.253237586735,63.9178260869566,415.759829097599,15.9915921016392,944.60678451983,85.1147826086956,444.400072917405,-20.7076347463285,-1958.29096989967
2021.75,2021-10-01,-413.916255029717,-247.919708979311,999.699556395554,5.56492348963165,7.14837928289285,5.56492348963165,7.14837928289285,-72.3214079950465,280.406463093718,-128.061577435734,8.45998188337624,6.5333742830564,1191.29446598644,19.27515625,0.526666666666667,1.00161290322581,1.4791935483871,-0.591397857142857,171.408928076488,278.719333333333,4602.10889434814,21960.388,262024.333333333,4175.67,102.579,127131.666666667,77.4466666666667,4.2,149185.333333333,16.2465985214848,1316.52173913044,87.7944565217391,447.49983610822,47.7314130434783,386.558973551314,-29.200855546285,-1618.64130434783,120.595,479.24378240638,34.8437094889756,3548.02173913043
2022,2022-01-01,-412.62992413876,-248.672026092999,999.44176994405,3.93638872752256,-1.03114580601584,3.93638872752256,-1.03114580601584,-71.592964730035,275.182412578269,-110.383811708004,8.69548026876004,7.71837370008575,1192.33272564692,25.3729032258065,1.44333333333333,0.486612903225807,1.64177419354839,-0.477624166666667,174.988967525467,284.844666666667,4463.8554766255,21903.85,263323.333333333,4250.699,103.303,128696,94.4533333333333,3.83333333333333,150742.333333333,90.4368898066002,12909.0543478261,216.885,537.93672591482,138.753222222222,493.269697558011,106.710724006698,9102.1809178744,296.050333333334,569.052948491309,89.8091660849283,17545.5333333334
2022.25,2022-04-01,-415.003482128942,-248.741399433477,999.511924773134,2.44869638008911,0.280619316335873,2.44869638008911,0.280619316335873,-70.8295347664248,264.456563645283,-98.6751452789369,9.44555180586768,8.24103019040106,1193.1407703641,27.3984375,2.72,0.212096774193548,1.82887096774194,-0.291118461538462,170.697112858091,291.651,4105.66710244456,21919.222,263691,4156.79,104.056,129863.333333333,108.723333333333,3.63333333333333,151965.333333333,-35.9496356603095,-6549.32417582418,151.391758241758,501.98709025451,143.745714285714,496.804586556843,3.5348889988315,499.249206349211,179.607252747253,519.077253783254,-49.9756947080546,-11644.3080586081
2022.5,2022-07-01,-416.663128023283,-248.257233859144,1000.18287704634,2.27041547150879,2.68380909282229,2.27041547150879,2.68380909282229,-70.1405250809653,260.043053233872,-115.41259024315,5.25475970996787,7.96394341699296,1194.0038990409,24.7927272727273,3.38333333333333,-0.28109375,0.34765625,-0.190245,202.521084578803,295.507666666667,3980.35111236572,22066.784,264184,4096.015,104.746,131005.666666667,93.1833333333333,3.53333333333333,153282.666666667,-19.6582816175649,-2701.83886765408,124.373369565217,482.328808636946,104.278913043478,464.706916556907,-32.0976699999354,-3946.6801242236,152.69347826087,502.843250182246,-16.2340036010078,-2691.37744863831
2022.75,2022-10-01,-415.45530678053,-247.626304465499,1001.0072972692,1.3077408736498,3.29768089145688,1.3077408736498,3.29768089145688,-69.7287529071851,255.757654428075,-128.249733151557,4.02782724324098,6.85590475695914,1194.57008946883,25.00265625,4.39,-0.560655737704918,-0.360655737704918,-0.164902307692308,189.229117687172,298.498333333333,3851.97350105407,22249.459,264695.666666667,4153.817,104.944,131801,82.7866666666667,3.56666666666667,154153,-3.08015917771787,-377.250000000004,120.600869565217,479.248649459228,104.636195652174,465.048953051294,0.342036494386555,35.7282608695641,145.123043478261,497.75819582959,-5.0850543526562,-757.043478260869
2023,2023-01-01,-418.321121868586,-247.471550345259,1001.69695743008,2.25518748602784,2.75864064349634,2.25518748602784,2.75864064349634,-69.7568561501734,258.631894352382,-137.600522468598,3.59299163580324,5.58028259871994,1195.12599626283,20.6840625,4.34666666666667,-0.696451612903226,-1.13548387096774,-0.252823076923077,171.628110301527,301.191666666667,4000.06452794229,22403.435,266115.333333333,4058.115,105.447,132470.666666667,76.0766666666667,3.53333333333333,155012.333333333,-12.239348631976,-1389.32028985507,106.707666666667,467.009300827252,90.9268888888889,451.005576479958,-14.0433765713363,-1370.9306763285,124.950555555556,482.791810349401,-14.9663854801889,-2017.24879227053
2023.25,2023-04-01,-416.594499394513,-247.05612366048,1002.30209664973,2.79017187659765,2.42055687861509,2.79017187659765,2.42055687861509,-69.6076972862633,262.91524225486,-141.431568660345,2.95417496725072,3.9574383890657,1195.51981204777,16.44125,4.26333333333333,-0.668571428571429,-1.67380952380952,-0.206506923076923,183.300686777356,303.424333333333,4206.07289960307,22539.418,266620.666666667,4136.632,105.159,132920.333333333,73.76,3.53333333333333,155624,-0.70209730173767,-74.6567765567775,105.961098901099,466.307203525514,92.0557142857144,452.239398381549,1.23382190159127,112.882539682545,120.793076923077,479.407897361899,-3.38391298750205,-415.747863247867
2023.5,2023-07-01,-414.412410098797,-246.212716877821,1003.36791931423,3.18504226788683,4.26329065797901,3.18504226788683,4.26329065797901,-69.5443854515873,267.876290846559,-131.339283197512,3.4364683033985,3.50286553742336,1195.87409897566,15.0132307692308,4.91666666666667,-0.766984126984127,-1.38587301587302,-0.308856923076923,109.084543837801,306.042333333333,4458.13744729663,22780.933,267214.333333333,4237.303,105.263,133300.666666667,82.2966666666667,3.66666666666667,156176.333333333,-5.9862465672075,-615.696846631637,99.8041304347826,460.320956958307,79.2505434782609,437.261427050373,-14.977971331176,-1280.51708074535,119.35152173913,478.207310292669,-1.20058706923061,-144.155518394651
2023.75,2023-10-01,-414.460594021297,-245.65291864488,1004.15349824962,3.14620098041978,3.14231574158868,3.14620098041978,3.14231574158868,-69.5094423734008,267.339008354924,-136.866224990648,2.75611341561053,3.18493708051575,1196.21118273471,15.28625,4.80333333333333,-0.360806451612903,-1.07741935483871,-0.322280769230769,127.090952723823,308.158333333333,4464.9076218378,22960.6,267818.333333333,4244.835,105.198,133648.666666667,78.41,3.8,156703.666666667,48.8385068803179,6284.4891304348,162.649021739131,509.159463838624,192.711847826087,526.119605680008,88.8581786296355,11346.1304347826,158.405543478261,506.515847547415,28.3085372547463,3905.40217391304
2024,2024-01-01,-413.537007686285,-245.209097698713,1004.55748326948,2.86052583940517,1.61594007943791,2.86052583940517,1.61594007943791,-69.1675286559215,277.598989499246,-138.865854892423,3.63866365974843,3.19635508650205,1196.57765772733,13.7125396825397,4.48333333333333,-0.325901639344262,-1.29786885245902,-0.417307692307692,118.166018308395,310.974333333333,4992.54098360656,23053.545,267711.666666667,4282.515,105.191,134053,77.56,3.83333333333333,157279,-12.0842371963213,-1851.37470138558,144.135274725275,497.075226642303,174.409340659341,516.140506886715,-9.97909879329333,-1830.25071667464,131.773076923077,488.108132899469,-18.4077146479457,-2663.2466555184
2024.25,2024-04-01,-411.7345373893,-244.673968757448,1005.29374581592,2.99164916619255,2.94505018576459,2.99164916619255,2.94505018576459,-69.0553473743373,281.88317931166,-134.329160089799,2.71936353768822,3.13765222911142,1196.90372139862,13.9803076923077,4.82333333333333,-0.377460317460317,-1.01777777777778,-0.410557692307692,135.732654094855,313.095666666667,5246.62651909722,23223.906,268250.666666667,4369.185,105.259,134473.666666667,81.7133333333333,4,157792.666666667,-7.64713586590959,-1061.13186813186,133.523956043956,489.428090776394,134.222527472528,489.949907537181,-26.1905993495345,-4018.68131868131,139.284285714286,493.651706547968,5.54357364849905,751.12087912089
2024.5,2024-07-01,-411.765910225118,-244.144221163881,1006.05038653694,2.68246722271641,3.02656288407448,2.68246722271641,3.02656288407448,-69.1123392314881,287.040123955419,-141.608829839327,1.38630783852598,2.62511211289329,1197.11748664854,17.0666666666667,4.03,-0.0859375,-1.2709375,-0.388685384615385,136.900781522102,314.182666666667,5543.46922302246,23400.294,268860,4377.736,105.304,134702.333333333,76.24,4.16666666666667,158130.333333333,-11.2780810980633,-1424.0803870043,119.283152173913,478.15000967833,130.742826086957,487.323223403599,-2.62668413358185,-347.970138557102,115.213152173913,474.678390992143,-18.9733155558252,-2407.11335403727
2024.75,2024-10-01,-413.431321790016,-243.763144222178,1006.65561634314,2.50211809351608,2.42091922478735,2.50211809351608,2.42091922478735,-69.034799946245,292.645523522113,-149.918843885552,2.98833837834103,2.68316835357592,1197.4390661998,17.3632307692308,4.15333333333333,0.13,-0.301774193548387,-0.463875384615385,184.395133376595,316.538666666667,5907.04295349121,23542.349,269463.333333333,4315.094,105.382,135109.333333333,70.6866666666667,4.13333333333333,158639.666666667,9.66351567200086,1210.22826086956,131.385434782609,487.813525350331,141.875108695652,495.494715437213,8.17149203361423,1113.22826086956,129.676304347826,486.504137877817,11.8257468856743,1446.31521739131
