Date_quarter,Date,sp500,vix,cpi,pop16,hours,priv_emp,wti,gs2,nfci,epu,gdp,inv,unrate,GPRD,GPRD_ACT,GPRD_THREAT,t10Y2Y,t10Y3M,payems,log_inv_pc,log_gdp_pc,log_gdp,log_gdp_yoy_pct,log_gdp_annualized_pct,gdp_yoy_pct,gdp_annualized_pct,log_private_pc,log_sp500_real,log_oil_real,infl_annualized_pct,infl_yoy_pct,log_payems,log_GPRD,logdiff_GPRD,diff_GPRD,log_GPRD_ACT,logdiff_GPRD_ACT,diff_GPRD_ACT,log_GPRD_THREAT,logdiff_GPRD_THREAT,diff_GPRD_THREAT
1900,1900-01-01,,,,,,,,,,142.515456831708,,,,,,,,,,,,,,,,,,,,,,,,,,,,,,,
1900.25,1900-04-01,,,,,,,,,,93.2867975284729,,,,,,,,,,,,,,,,,,,,,,,,,,,,,,,
1900.5,1900-07-01,,,,,,,,,,98.098420650551,,,,,,,,,,,,,,,,,,,,,,,,,,,,,,,
1900.75,1900-10-01,,,,,,,,,,87.5954706449338,,,,,,,,,,,,,,,,,,,,,,,,,,,,,,,
1901,1901-01-01,,,,,,,,,,103.71760739036,,,,,,,,,,,,,,,,,,,,,,,,,,,,,,,
1901.25,1901-04-01,,,,,,,,,,81.258739886163,,,,,,,,,,,,,,,,,,,,,,,,,,,,,,,
1901.5,1901-07-01,,,,,,,,,,78.7746958311755,,,,,,,,,,,,,,,,,,,,,,,,,,,,,,,
1901.75,1901-10-01,,,,,,,,,,107.386723457281,,,,,,,,,,,,,,,,,,,,,,,,,,,,,,,
1902,1902-01-01,,,,,,,,,,71.3087046190194,,,,,,,,,,,,,,,,,,,,,,,,,,,,,,,
1902.25,1902-04-01,,,,,,,,,,68.1890088943181,,,,,,,,,,,,,,,,,,,,,,,,,,,,,,,
1902.5,1902-07-01,,,,,,,,,,46.7541822384159,,,,,,,,,,,,,,,,,,,,,,,,,,,,,,,
1902.75,1902-10-01,,,,,,,,,,87.6204179176971,,,,,,,,,,,,,,,,,,,,,,,,,,,,,,,
1903,1903-01-01,,,,,,,,,,66.6326270285348,,,,,,,,,,,,,,,,,,,,,,,,,,,,,,,
1903.25,1903-04-01,,,,,,,,,,56.5327895869881,,,,,,,,,,,,,,,,,,,,,,,,,,,,,,,
1903.5,1903-07-01,,,,,,,,,,57.905126664615,,,,,,,,,,,,,,,,,,,,,,,,,,,,,,,
1903.75,1903-10-01,,,,,,,,,,61.0587118591372,,,,,,,,,,,,,,,,,,,,,,,,,,,,,,,
1904,1904-01-01,,,,,,,,,,77.6598080888853,,,,,,,,,,,,,,,,,,,,,,,,,,,,,,,
1904.25,1904-04-01,,,,,,,,,,69.0127134123441,,,,,,,,,,,,,,,,,,,,,,,,,,,,,,,
1904.5,1904-07-01,,,,,,,,,,79.3115807985635,,,,,,,,,,,,,,,,,,,,,,,,,,,,,,,
1904.75,1904-10-01,,,,,,,,,,63.1899107958171,,,,,,,,,,,,,,,,,,,,,,,,,,,,,,,
1905,1905-01-01,,,,,,,,,,70.6552130068743,,,,,,,,,,,,,,,,,,,,,,,,,,,,,,,
1905.25,1905-04-01,,,,,,,,,,58.2909376455357,,,,,,,,,,,,,,,,,,,,,,,,,,,,,,,
1905.5,1905-07-01,,,,,,,,,,60.6934721296636,,,,,,,,,,,,,,,,,,,,,,,,,,,,,,,
1905.75,1905-10-01,,,,,,,,,,72.9624900021586,,,,,,,,,,,,,,,,,,,,,,,,,,,,,,,
1906,1906-01-01,,,,,,,,,,61.1175436626454,,,,,,,,,,,,,,,,,,,,,,,,,,,,,,,
1906.25,1906-04-01,,,,,,,,,,61.2509752697204,,,,,,,,,,,,,,,,,,,,,,,,,,,,,,,
1906.5,1906-07-01,,,,,,,,,,51.1361872451893,,,,,,,,,,,,,,,,,,,,,,,,,,,,,,,
1906.75,1906-10-01,,,,,,,,,,55.9562389004233,,,,,,,,,,,,,,,,,,,,,,,,,,,,,,,
1907,1907-01-01,,,,,,,,,,39.8949565101181,,,,,,,,,,,,,,,,,,,,,,,,,,,,,,,
1907.25,1907-04-01,,,,,,,,,,47.4016802818621,,,,,,,,,,,,,,,,,,,,,,,,,,,,,,,
1907.5,1907-07-01,,,,,,,,,,55.497769172795,,,,,,,,,,,,,,,,,,,,,,,,,,,,,,,
1907.75,1907-10-01,,,,,,,,,,50.9662731534051,,,,,,,,,,,,,,,,,,,,,,,,,,,,,,,
1908,1908-01-01,,,,,,,,,,68.870008690121,,,,,,,,,,,,,,,,,,,,,,,,,,,,,,,
1908.25,1908-04-01,,,,,,,,,,64.6914417533303,,,,,,,,,,,,,,,,,,,,,,,,,,,,,,,
1908.5,1908-07-01,,,,,,,,,,40.9677040561667,,,,,,,,,,,,,,,,,,,,,,,,,,,,,,,
1908.75,1908-10-01,,,,,,,,,,67.8779557673957,,,,,,,,,,,,,,,,,,,,,,,,,,,,,,,
1909,1909-01-01,,,,,,,,,,105.144284181893,,,,,,,,,,,,,,,,,,,,,,,,,,,,,,,
1909.25,1909-04-01,,,,,,,,,,73.6918754557768,,,,,,,,,,,,,,,,,,,,,,,,,,,,,,,
1909.5,1909-07-01,,,,,,,,,,68.3659068395348,,,,,,,,,,,,,,,,,,,,,,,,,,,,,,,
1909.75,1909-10-01,,,,,,,,,,60.5304110057984,,,,,,,,,,,,,,,,,,,,,,,,,,,,,,,
1910,1910-01-01,,,,,,,,,,73.8792985719019,,,,,,,,,,,,,,,,,,,,,,,,,,,,,,,
1910.25,1910-04-01,,,,,,,,,,69.7879680645671,,,,,,,,,,,,,,,,,,,,,,,,,,,,,,,
1910.5,1910-07-01,,,,,,,,,,59.3263951679529,,,,,,,,,,,,,,,,,,,,,,,,,,,,,,,
1910.75,1910-10-01,,,,,,,,,,66.894393116276,,,,,,,,,,,,,,,,,,,,,,,,,,,,,,,
1911,1911-01-01,,,,,,,,,,63.5154477630442,,,,,,,,,,,,,,,,,,,,,,,,,,,,,,,
1911.25,1911-04-01,,,,,,,,,,75.6903391950945,,,,,,,,,,,,,,,,,,,,,,,,,,,,,,,
1911.5,1911-07-01,,,,,,,,,,63.187735132849,,,,,,,,,,,,,,,,,,,,,,,,,,,,,,,
1911.75,1911-10-01,,,,,,,,,,72.5854779850922,,,,,,,,,,,,,,,,,,,,,,,,,,,,,,,
1912,1912-01-01,,,,,,,,,,63.0358906505291,,,,,,,,,,,,,,,,,,,,,,,,,,,,,,,
1912.25,1912-04-01,,,,,,,,,,45.9162383643462,,,,,,,,,,,,,,,,,,,,,,,,,,,,,,,
1912.5,1912-07-01,,,,,,,,,,52.2028794840893,,,,,,,,,,,,,,,,,,,,,,,,,,,,,,,
1912.75,1912-10-01,,,,,,,,,,70.7026725879438,,,,,,,,,,,,,,,,,,,,,,,,,,,,,,,
1913,1913-01-01,,,,,,,,,,76.0406135243558,,,,,,,,,,,,,,,,,,,,,,,,,,,,,,,
1913.25,1913-04-01,,,,,,,,,,89.2199129776896,,,,,,,,,,,,,,,,,,,,,,,,,,,,,,,
1913.5,1913-07-01,,,,,,,,,,80.800862847652,,,,,,,,,,,,,,,,,,,,,,,,,,,,,,,
1913.75,1913-10-01,,,,,,,,,,102.65321182179,,,,,,,,,,,,,,,,,,,,,,,,,,,,,,,
1914,1914-01-01,,,,,,,,,,78.8091483556578,,,,,,,,,,,,,,,,,,,,,,,,,,,,,,,
1914.25,1914-04-01,,,,,,,,,,86.5888746129922,,,,,,,,,,,,,,,,,,,,,,,,,,,,,,,
1914.5,1914-07-01,,,,,,,,,,138.882321933284,,,,,,,,,,,,,,,,,,,,,,,,,,,,,,,
1914.75,1914-10-01,,,,,,,,,,88.8066110998772,,,,,,,,,,,,,,,,,,,,,,,,,,,,,,,
1915,1915-01-01,,,,,,,,,,109.438119273851,,,,,,,,,,,,,,,,,,,,,,,,,,,,,,,
1915.25,1915-04-01,,,,,,,,,,88.6856531291837,,,,,,,,,,,,,,,,,,,,,,,,,,,,,,,
1915.5,1915-07-01,,,,,,,,,,104.906196024389,,,,,,,,,,,,,,,,,,,,,,,,,,,,,,,
1915.75,1915-10-01,,,,,,,,,,84.5015890008299,,,,,,,,,,,,,,,,,,,,,,,,,,,,,,,
1916,1916-01-01,,,,,,,,,,88.084295933521,,,,,,,,,,,,,,,,,,,,,,,,,,,,,,,
1916.25,1916-04-01,,,,,,,,,,85.8543772157372,,,,,,,,,,,,,,,,,,,,,,,,,,,,,,,
1916.5,1916-07-01,,,,,,,,,,73.5083517401361,,,,,,,,,,,,,,,,,,,,,,,,,,,,,,,
1916.75,1916-10-01,,,,,,,,,,71.6622733119578,,,,,,,,,,,,,,,,,,,,,,,,,,,,,,,
1917,1917-01-01,,,,,,,,,,64.9588161618441,,,,,,,,,,,,,,,,,,,,,,,,,,,,,,,
1917.25,1917-04-01,,,,,,,,,,75.5350645245081,,,,,,,,,,,,,,,,,,,,,,,,,,,,,,,
1917.5,1917-07-01,,,,,,,,,,108.792483262049,,,,,,,,,,,,,,,,,,,,,,,,,,,,,,,
1917.75,1917-10-01,,,,,,,,,,92.5475166361334,,,,,,,,,,,,,,,,,,,,,,,,,,,,,,,
1918,1918-01-01,,,,,,,,,,108.758206074764,,,,,,,,,,,,,,,,,,,,,,,,,,,,,,,
1918.25,1918-04-01,,,,,,,,,,101.691795987354,,,,,,,,,,,,,,,,,,,,,,,,,,,,,,,
1918.5,1918-07-01,,,,,,,,,,98.1866325475124,,,,,,,,,,,,,,,,,,,,,,,,,,,,,,,
1918.75,1918-10-01,,,,,,,,,,146.601801341843,,,,,,,,,,,,,,,,,,,,,,,,,,,,,,,
1919,1919-01-01,,,,,,,,,,129.854827033556,,,,,,,,,,,,,,,,,,,,,,,,,,,,,,,
1919.25,1919-04-01,,,,,,,,,,92.819363377945,,,,,,,,,,,,,,,,,,,,,,,,,,,,,,,
1919.5,1919-07-01,,,,,,,,,,99.1339720154118,,,,,,,,,,,,,,,,,,,,,,,,,,,,,,,
1919.75,1919-10-01,,,,,,,,,,97.4879508597095,,,,,,,,,,,,,,,,,,,,,,,,,,,,,,,
1920,1920-01-01,,,,,,,,,,61.961905865948,,,,,,,,,,,,,,,,,,,,,,,,,,,,,,,
1920.25,1920-04-01,,,,,,,,,,64.9330885150764,,,,,,,,,,,,,,,,,,,,,,,,,,,,,,,
1920.5,1920-07-01,,,,,,,,,,66.0772699169903,,,,,,,,,,,,,,,,,,,,,,,,,,,,,,,
1920.75,1920-10-01,,,,,,,,,,60.9888807334267,,,,,,,,,,,,,,,,,,,,,,,,,,,,,,,
1921,1921-01-01,,,,,,,,,,56.6276198457596,,,,,,,,,,,,,,,,,,,,,,,,,,,,,,,
1921.25,1921-04-01,,,,,,,,,,72.4984070146816,,,,,,,,,,,,,,,,,,,,,,,,,,,,,,,
1921.5,1921-07-01,,,,,,,,,,93.0872267549807,,,,,,,,,,,,,,,,,,,,,,,,,,,,,,,
1921.75,1921-10-01,,,,,,,,,,64.6294711670383,,,,,,,,,,,,,,,,,,,,,,,,,,,,,,,
1922,1922-01-01,,,,,,,,,,69.0014202151212,,,,,,,,,,,,,,,,,,,,,,,,,,,,,,,
1922.25,1922-04-01,,,,,,,,,,61.6032844982845,,,,,,,,,,,,,,,,,,,,,,,,,,,,,,,
1922.5,1922-07-01,,,,,,,,,,66.6724705544468,,,,,,,,,,,,,,,,,,,,,,,,,,,,,,,
1922.75,1922-10-01,,,,,,,,,,52.1375923082783,,,,,,,,,,,,,,,,,,,,,,,,,,,,,,,
1923,1923-01-01,,,,,,,,,,61.6984160406906,,,,,,,,,,,,,,,,,,,,,,,,,,,,,,,
1923.25,1923-04-01,,,,,,,,,,62.8144792830636,,,,,,,,,,,,,,,,,,,,,,,,,,,,,,,
1923.5,1923-07-01,,,,,,,,,,71.871803732159,,,,,,,,,,,,,,,,,,,,,,,,,,,,,,,
1923.75,1923-10-01,,,,,,,,,,65.2135243100132,,,,,,,,,,,,,,,,,,,,,,,,,,,,,,,
1924,1924-01-01,,,,,,,,,,72.6482487016925,,,,,,,,,,,,,,,,,,,,,,,,,,,,,,,
1924.25,1924-04-01,,,,,,,,,,99.0262013775787,,,,,,,,,,,,,,,,,,,,,,,,,,,,,,,
1924.5,1924-07-01,,,,,,,,,,72.6975826620956,,,,,,,,,,,,,,,,,,,,,,,,,,,,,,,
1924.75,1924-10-01,,,,,,,,,,94.3272385785515,,,,,,,,,,,,,,,,,,,,,,,,,,,,,,,
1925,1925-01-01,,,,,,,,,,63.7542249216472,,,,,,,,,,,,,,,,,,,,,,,,,,,,,,,
1925.25,1925-04-01,,,,,,,,,,60.8907338851362,,,,,,,,,,,,,,,,,,,,,,,,,,,,,,,
1925.5,1925-07-01,,,,,,,,,,48.267231121109,,,,,,,,,,,,,,,,,,,,,,,,,,,,,,,
1925.75,1925-10-01,,,,,,,,,,63.2565290526041,,,,,,,,,,,,,,,,,,,,,,,,,,,,,,,
1926,1926-01-01,,,,,,,,,,50.085045687005,,,,,,,,,,,,,,,,,,,,,,,,,,,,,,,
1926.25,1926-04-01,,,,,,,,,,49.4781345004054,,,,,,,,,,,,,,,,,,,,,,,,,,,,,,,
1926.5,1926-07-01,,,,,,,,,,64.6740413886609,,,,,,,,,,,,,,,,,,,,,,,,,,,,,,,
1926.75,1926-10-01,,,,,,,,,,68.4492117645124,,,,,,,,,,,,,,,,,,,,,,,,,,,,,,,
1927,1927-01-01,,,,,,,,,,50.7460224687943,,,,,,,,,,,,,,,,,,,,,,,,,,,,,,,
1927.25,1927-04-01,,,,,,,,,,54.0505803987263,,,,,,,,,,,,,,,,,,,,,,,,,,,,,,,
1927.5,1927-07-01,,,,,,,,,,57.834547268894,,,,,,,,,,,,,,,,,,,,,,,,,,,,,,,
1927.75,1927-10-01,17.6599998474121,,,,,,,,,54.8285861162687,,,,,,,,,,,,,,,,,,,,,,,,,,,,,,,
1928,1928-01-01,17.7130645013625,,,,,,,,,52.0050275090373,,,,,,,,,,,,,,,,,,,,,,,,,,,,,,,
1928.25,1928-04-01,19.4634920453268,,,,,,,,,47.1534917139835,,,,,,,,,,,,,,,,,,,,,,,,,,,,,,,
1928.5,1928-07-01,19.996984118507,,,,,,,,,64.1789187782022,,,,,,,,,,,,,,,,,,,,,,,,,,,,,,,
1928.75,1928-10-01,22.5819355441678,,,,,,,,,53.3717167532838,,,,,,,,,,,,,,,,,,,,,,,,,,,,,,,
1929,1929-01-01,25.0818333943685,,,,,,,,,77.0850799213562,,,,,,,,,,,,,,,,,,,,,,,,,,,,,,,
1929.25,1929-04-01,25.6601563096047,,,,,,,,,76.4409231628089,,,,,,,,,,,,,,,,,,,,,,,,,,,,,,,
1929.5,1929-07-01,29.9195312261582,,,,,,,,,67.501887113841,,,,,,,,,,,,,,,,,,,,,,,,,,,,,,,
1929.75,1929-10-01,23.6532787573142,,,,,,,,,63.6305232942482,,,,,,,,,,,,,,,,,,,,,,,,,,,,,,,
1930,1930-01-01,22.8758065315985,,,,,,,,,69.1065459777681,,,,,,,,,,,,,,,,,,,,,,,,,,,,,,,
1930.25,1930-04-01,23.6620635078067,,,,,,,,,65.6230527337787,,,,,,,,,,,,,,,,,,,,,,,,,,,,,,,
1930.5,1930-07-01,20.8653124570847,,,,,,,,,57.6714737973388,,,,,,,,,,,,,,,,,,,,,,,,,,,,,,,
1930.75,1930-10-01,16.6943548110224,,,,,,,,,66.3055144960709,,,,,,,,,,,,,,,,,,,,,,,,,,,,,,,
1931,1931-01-01,16.8708196233531,,,,,,,,,73.2373125372468,,,,,,,,,,,,,,,,,,,,,,,,,,,,,,,
1931.25,1931-04-01,14.6384374797344,,,,,,,,,67.1360275303322,,,,,,,,,,,,,,,,,,,,,,,,,,,,,,,
1931.5,1931-07-01,13.4046154315655,,,,,,,,,63.3517840719097,,,,,,,,,,,,,,,,,,,,,,,,,,,,,,,
1931.75,1931-10-01,9.64112901687622,,,,,,,,,79.0440952608402,,,,,,,,,,,,,,,,,,,,,,,,,,,,,,,
1932,1932-01-01,8.26000003345677,,,,,,,,,108.77223305054,,,,,,,,,,,,,,,,,,,,,,,,,,,,,,,
1932.25,1932-04-01,5.50031251460314,,,,,,,,,156.880265405199,,,,,,,,,,,,,,,,,,,,,,,,,,,,,,,
1932.5,1932-07-01,6.95296877622604,,,,,,,,,84.3526956164067,,,,,,,,,,,,,,,,,,,,,,,,,,,,,,,
1932.75,1932-10-01,6.98049182579166,,,,,,,,,143.883753745185,,,,,,,,,,,,,,,,,,,,,,,,,,,,,,,
1933,1933-01-01,6.5558182109486,,,,,,,,,116.902075586705,,,,,,,,,,,,,,,,,,,,,,,,,,,,,,,
1933.25,1933-04-01,8.80888888192555,,,,,,,,,122.187331399663,,,,,,,,,,,,,,,,,,,,,,,,,,,,,,,
1933.5,1933-07-01,10.8277777717227,,,,,,,,,80.5439049503751,,,,,,,,,,,,,,,,,,,,,,,,,,,,,,,
1933.75,1933-10-01,9.75836061258785,,,,,,,,,124.029507957818,,,,,,,,,,,,,,,,,,,,,,,,,,,,,,,
1934,1934-01-01,10.8421311456649,,,,,,,,,126.786771817739,,,,,,,,,,,,,,,,,,,,,,,,,,,,,,,
1934.25,1934-04-01,10.2168749719858,,,,,,,,,148.356901990512,,,,,,,,,,,,,,,,,,,,,,,,,,,,,,,
1934.5,1934-07-01,9.14920637342665,,,,,,,,,142.167819969018,,,,,,,,,,,,,,,,,,,,,,,,,,,,,,,
1934.75,1934-10-01,9.12327871166292,,,,,,,,,141.715375914083,,,,,,,,,,,,,,,,,,,,,,,,,,,,,,,
1935,1935-01-01,8.87180329932541,,,,,,,,,199.272502693924,,,,,,,,,,,,,,,,,,,,,,,,,,,,,,,
1935.25,1935-04-01,9.5949205671038,,,,,,,,,178.478400138765,,,,,,,,,,,,,,,,,,,,,,,,,,,,,,,
1935.5,1935-07-01,11.1798437833786,,,,,,,,,140.885734626732,,,,,,,,,,,,,,,,,,,,,,,,,,,,,,,
1935.75,1935-10-01,12.6288709794321,,,,,,,,,129.20321473982,,,,,,,,,,,,,,,,,,,,,,,,,,,,,,,
1936,1936-01-01,14.3907936943902,,,,,,,,,147.787698179464,,,,,,,,,,,,,,,,,,,,,,,,,,,,,,,
1936.25,1936-04-01,14.5450000017881,,,,,,,,,141.860807006246,,,,,,,,,,,,,,,,,,,,,,,,,,,,,,,
1936.5,1936-07-01,15.7953846711379,,,,,,,,,96.0644103814219,,,,,,,,,,,,,,,,,,,,,,,,,,,,,,,
1936.75,1936-10-01,17.0834426567203,,,,,,,,,86.812229506855,,,,,,,,,,,,,,,,,,,,,,,,,,,,,,,
1937,1937-01-01,17.920333258311,,,,,,,,,104.438564310822,,,,,,,,,,,,,,,,,,,,,,,,,,,,,,,
1937.25,1937-04-01,16.2942187637091,,,,,,,,,115.570476007742,,,,,,,,,,,,,,,,,,,,,,,,,,,,,,,
1937.5,1937-07-01,15.9000000059605,,,,,,,,,121.638501277022,,,,,,,,,,,,,,,,,,,,,,,,,,,,,,,
1937.75,1937-10-01,11.4582258962816,,,,,,,,,145.363253954299,,,,,,,,,,,,,,,,,,,,,,,,,,,,,,,
1938,1938-01-01,10.8560317660135,,,,,,,,,155.817326864042,,,,,,,,,,,,,,,,,,,,,,,,,,,,,,,
1938.25,1938-04-01,10.0222222313048,,,,,,,,,136.492846366041,,,,,,,,,,,,,,,,,,,,,,,,,,,,,,,
1938.5,1938-07-01,12.1031250357628,,,,,,,,,125.404719577664,,,,,,,,,,,,,,,,,,,,,,,,,,,,,,,
1938.75,1938-10-01,12.9403333346049,,,,,,,,,112.496345728472,,,,,,,,,,,,,,,,,,,,,,,,,,,,,,,
1939,1939-01-01,12.418548322493,,,,,26104,,,,109.395569134304,,,,,,,,,30101,,,,,,,,,,,,,1031.23136727765,,,,,,,,,
1939.25,1939-04-01,11.1685714116172,,,,,26294.6666666667,,,,119.738463443788,,,,,,,,,30298.3333333333,,,,,,,,,,,,,1031.88479844841,,,,,,,,,
1939.5,1939-07-01,12.0004761711,,,,,26657.3333333333,,,,134.217932666101,,,,,,,,,30704.3333333333,,,,,,,,,,,,,1033.21590745373,,,,,,,,,
1939.75,1939-10-01,12.643934390584,,,,,27363.6666666667,,,,135.724177971635,,,,,,,,,31474.3333333333,,,,,,,,,,,,,1035.69276778569,,,,,,,,,
1940,1940-01-01,12.2286885370974,,,,,27564,,,,133.187567331017,,,,,,,,,31714.3333333333,,,,,,,,,,,,,1036.45240132995,,,,,,,,,
1940.25,1940-04-01,10.8634374588728,,,,,27671.6666666667,,,,150.594402189922,,,,,,,,,31852.3333333333,,,,,,,,,,,,,1036.88659183902,,,,,,,,,
1940.5,1940-07-01,10.2587499916553,,,,,28083,,,,145.9650556668,,,,,,,,,32368,,,,,,,,,,,,,1038.49255594075,,,,,,,,,
1940.75,1940-10-01,10.7332257455395,,,,,29315.3333333333,,,,125.313173804418,,,,,,,,,33703.3333333333,,,,,,,,,,,,,1042.53520234173,,,,,,,,,
1941,1941-01-01,10.140000020304,,,,,30303,,,,128.412789715732,,,,,,,,,34805.3333333333,,,,,,,,,,,,,1045.75259107249,,,,,,,,,
1941.25,1941-04-01,9.60984128618997,,,,,31457.3333333333,,,,103.809622375824,,,,,,,,,36100,,,,,,,,,,,,,1049.4048144321,,,,,,,,,
1941.5,1941-07-01,10.2445312142372,,,,,32684.6666666667,,,,99.0502052868303,,,,,,,,,37505.3333333333,,,,,,,,,,,,,1053.22384240681,,,,,,,,,
1941.75,1941-10-01,9.30688521901115,,,,,33083.3333333333,,,,113.952039591375,,,,,,,,,38025.6666666667,,,,,,,,,,,,,1054.6016649299,,,,,,,,,
1942,1942-01-01,8.5832787654439,,,,,33434,,,,131.835198937568,,,,,,,,,38598,,,,,,,,,,,,,1056.09557406391,,,,,,,,,
1942.25,1942-04-01,8.03437498211861,,,,,34284.6666666667,,,,147.234052457746,,,,,,,,,39717.3333333333,,,,,,,,,,,,,1058.95429792823,,,,,,,,,
1942.5,1942-07-01,8.63630765768198,,,,,35149.3333333333,,,,143.496554883914,,,,,,,,,40906.3333333333,,,,,,,,,,,,,1061.90401792687,,,,,,,,,
1942.75,1942-10-01,9.42983606995129,,,,,35683.3333333333,,,,124.668970124649,,,,,,,,,41701.3333333333,,,,,,,,,,,,,1063.82883816962,,,,,,,,,
1943,1943-01-01,10.6309836653412,,,,,36168.3333333333,,,,115.99787894747,,,,,,,,,42372.3333333333,,,,,,,,,,,,,1065.42509125157,,,,,,,,,
1943.25,1943-04-01,11.8130158772544,,,,,36384,,,,116.81448107424,,,,,,,,,42674.6666666667,,,,,,,,,,,,,1066.13607366577,,,,,,,,,
1943.5,1943-07-01,12.0242187976837,,,,,36387.6666666667,,,,108.741783647138,,,,,,,,,42579.3333333333,,,,,,,,,,,,,1065.9124281522,,,,,,,,,
1943.75,1943-10-01,11.5603225769535,,,,,36540.6666666667,,,,93.2692144179923,,,,,,,,,42747.3333333333,,,,,,,,,,,,,1066.30620942517,,,,,,,,,
1944,1944-01-01,11.9117187708616,,,,,36360.6666666667,,,,85.4246035195391,,,,,,,,,42495.3333333333,,,,,,,,,,,,,1065.7149544962,,,,,,,,,
1944.25,1944-04-01,12.2353968090481,,,,,35871.6666666667,,,,102.01487823382,,,,,,,,,41998.3333333333,,,,,,,,,,,,,1064.53852139385,,,,,,,,,
1944.5,1944-07-01,12.8088888440813,,,,,35607.6666666667,,,,91.5787662738708,,,,,,,,,41811,,,,,,,,,,,,,1064.09147417876,,,,,,,,,
1944.75,1944-10-01,12.9334426473399,,,,,35472.6666666667,,,,103.171222110329,,,,,,,,,41759.6666666667,,,,,,,,,,,,,1063.96862404046,,,,,,,,,
1945,1945-01-01,13.7768852202619,,,,,35627,,,,81.9963884138919,,,,,,,,,41863.3333333333,,,,,,,,,,,,,1064.21656233441,,,,,,,,,
1945.25,1945-04-01,14.7234375625849,,,,,35124.6666666667,,,,91.4858375593507,,,,,,,,,41299.6666666667,,,,,,,,,,,,,1062.86097078915,,,,,,,,,
1945.5,1945-07-01,15.1250819690892,,,,,33861.6666666667,,,,131.50040367242,,,,,,,,,39949,,,,,,,,,,,,,1059.5358919592,,,,,,,,,
1945.75,1945-10-01,16.9281667391459,,,,,33070.3333333333,,,,111.529546301221,,,,,,,,,38902,,,,,,,,,,,,,1056.88009421666,,,,,,,,,
1946,1946-01-01,17.8457377386875,,,,,33982.3333333333,1.17,,,96.3846106770551,,,,,,,,,39756,,,,,,,,,,,,,1059.05160520879,,,,,,,,,
1946.25,1946-04-01,18.6501587459019,,,,,35608,1.27,,,89.0677400468172,,,,,,,,,41332.3333333333,,,,,,,,,,,,,1062.9400362078,,,,,,,,,
1946.5,1946-07-01,16.9996875077486,,,,,36892.6666666667,1.43666666666667,,,100.349058792061,,,,,,,,,42570,,,,,,,,,,,,,1065.89050588222,,,,,,,,,
1946.75,1946-10-01,14.8508064362311,,,,,37645.3333333333,1.55333333333333,,,86.4285447981427,,,,,,,,,43289,,,,,,,,,,,,,1067.56538401461,,,,,,,,,
1947,1947-01-01,15.3687096411182,,21.7,,41.782,37962,1.62,,,98.0432264765004,2182.681,227.242,,,,,,,43566.3333333333,,,768.830921669201,,,,,,-34.4978659602912,-259.488611130212,,,1068.20399598055,,,,,,,,,
1947.25,1947-04-01,14.5892063473898,,22.01,,41.793,38104.6666666667,1.87,,,113.079576515297,2176.892,209.836,,,,,,,43649,,,768.565345044952,,-1.06230649699519,,-1.06230649699519,,-41.1214931509304,-246.555846467188,5.67385399678262,,1068.39356514979,,,,,,,,,
1947.5,1947-07-01,15.43453130126,,22.49,,41.907,38441.3333333333,1.87,,,83.5020434998464,2172.432,203.662,,,,,,,43968.6666666667,,,768.360255630446,,-0.820357658025372,,-0.820357658025372,,-37.6463474447707,-248.713233510473,8.62954817314154,,1069.12325380095,,,,,,,,,
1947.75,1947-10-01,15.2490163396616,,23.1266666666667,,42.313,38906.6666666667,2.00333333333333,,,84.3378240586379,2206.452,243.072,,,,,,,44492,,,769.914107456408,,6.21540730384815,,6.21540730384815,,-41.6471354217706,-244.617389299449,11.1662347609078,,1070.30646767119,,,,,,,,,
1948,1948-01-01,14.4177048636264,,23.6166666666667,102690.666666667,42.582,39011,2.57,,,68.16867224898,2239.682,268.012,3.73333333333333,,,,,,44631.6666666667,-594.844475657446,-382.538734171681,771.408917048549,2.57799537934806,5.97923836856467,2.57799537934806,5.97923836856467,-96.787757557745,-49.349572168971,-221.804677856145,8.38652983803438,8.4640416922166,1070.61989010145,,,,,,,,,
1948.25,1948-04-01,16.1304687857628,,23.9933333333333,102915.333333333,42.564,39049.6666666667,2.57,,,56.7644322503414,2276.69,284.598,3.66666666666667,,,,,,44736.3333333333,-589.058426448253,-381.11840099606,773.047791274611,4.48244622965897,6.55549690424842,4.48244622965897,6.55549690424842,-96.9072303540179,-39.7066059294463,-223.387011507565,6.32933460567813,8.62791184444047,1070.85412766864,,,,,,,,,
1948.5,1948-07-01,16.0379687994719,,24.3966666666667,103249,42.864,39420.6666666667,2.57,,,64.2839778633235,2289.77,287.514,3.76666666666667,,,,,,45210.6666666667,-588.362727084237,-380.869217072339,773.620665482296,5.2604098518505,2.29149683074077,5.2604098518505,2.29149683074077,-96.2853333093588,-41.9487549974736,-225.05406120379,6.66819878490035,8.13757449738017,1071.90883261801,,,,,,,,,
1948.75,1948-10-01,15.5450000147666,,24.1733333333333,103417.666666667,42.471,39294.3333333333,2.57,,,65.2081950470333,2292.364,273.765,3.83333333333333,,,,,,45156.3333333333,-593.426100982317,-380.91922054846,773.733887848866,3.81978039245876,0.452889466281192,3.81978039245876,0.452889466281192,-96.7695486503808,-44.1511052757899,-224.134419831141,-3.67856549059411,4.42637443450469,1071.78858221713,,,,,,,,,
1949,1949-01-01,15.0098412680247,,23.9433333333333,103584.333333333,41.756,38567.6666666667,2.57,,,77.8446949894958,2260.807,232.885,4.66666666666667,,,,,,44468.3333333333,-609.759660522899,-382.466426654641,772.347710817459,0.93879376890964,-5.54470812563181,0.93879376890964,-5.54470812563181,-98.7971821416442,-46.6983856910776,-223.178402851147,-3.82406791997596,1.3737249950021,1070.25326043525,,,,,,,,,
1949.25,1949-04-01,14.526507983132,,23.9166666666667,103838,41.068,38031,2.57,,,51.549876840466,2253.128,201.926,5.86666666666667,,,,,,43986.3333333333,-624.268597770193,-383.051251939534,772.007475195648,-1.04031607896315,-1.36094248724277,-1.04031607896315,-1.36094248724277,-100.443037574498,-49.8600448785581,-223.066966706449,-0.445744578791896,-0.320044801115404,1069.16342585917,,,,,,,,,
1949.5,1949-07-01,15.1887499839067,,23.7166666666667,104127.333333333,40.626,37666,2.57,,,57.6405057909588,2276.424,218.667,6.7,,,,,,43645,-616.581976351659,-382.300871854569,773.036106963597,-0.584558518699652,4.11452707179478,-0.584558518699652,4.11452707179478,-101.685667842696,-44.5623014686618,-222.227213696062,-3.35901204154769,-2.82684750772741,1068.38440071695,,,,,,,,,
1949.75,1949-10-01,16.1850000063578,,23.66,104427.666666667,40.452,37278,2.57,,,44.9904900670833,2257.352,207.912,6.96666666666667,,,,,,43235.3333333333,-621.913501245243,-383.43022018133,772.194772389508,-1.53911545935799,-3.36533829635215,-1.53911545935799,-3.36533829635215,-103.009130641663,-37.9700970779211,-221.987995964311,-0.956870927004516,-2.14642386683002,1067.44133411678,,,,,,,,,
1950,1950-01-01,17.1424193843718,,23.5866666666667,104733.333333333,40.769,37613,2.57,,,54.5364373026509,2346.104,257.271,6.4,,,,,,43592.3333333333,-600.904271210009,-379.866135712892,776.051135900663,3.70342508320443,15.4254540446178,3.70342508320443,15.4254540446178,-102.406770183263,-31.9125523134432,-221.677568171635,-1.24171117070624,-1.50083467951259,1068.26365728967,,,,,,,,,
1950.25,1950-04-01,18.3623810117207,,23.7666666666667,105020.333333333,41.777,38674.6666666667,2.57,,,48.2439779514061,2417.682,284.803,5.56666666666667,,,,,,44727.6666666667,-591.011154799521,-377.1344752307,779.056450887842,7.04897569219396,12.0212599487154,7.04897569219396,12.0212599487154,-99.896920461344,-25.7979977233892,-222.437813984501,3.04098325146622,-0.629152721948056,1070.83475302254,,,,,,,,,
1950.5,1950-07-01,18.306825607542,,24.2033333333333,105248.333333333,43.091,39859.6666666667,2.57,,,67.3244112967349,2511.127,309.285,4.63333333333333,,,,,,46028,-582.981473419671,-373.559098076873,782.848693533777,9.81258657018031,15.1689705837402,9.81258657018031,15.1689705837402,-97.0957684977123,-27.9216390399229,-224.258446581692,7.28253038876208,2.03123288562939,1073.70051859433,,,,,,,,,
1950.75,1950-10-01,19.8021311212759,,24.6933333333333,104982.333333333,43.49,40506,2.57,,,65.0970016295477,2559.214,348.585,4.23333333333333,,,,,,46781,-570.766525811488,-371.409190193526,784.745545907986,12.550773518478,7.5874094968384,12.550773518478,7.5874094968384,-95.2341970745194,-22.0743737373605,-226.262740276269,8.01717477830746,4.27474431195738,1075.32324165664,,,,,,,,,
1951,1951-01-01,21.5752460917489,,25.6966666666667,104692.333333333,44.221,41198,2.57,,,67.9582824295587,2593.967,312.966,3.5,,,,,,47579.3333333333,-581.268661064817,-369.78375259599,786.094364313009,10.0432284123458,5.39527362008911,10.0432284123458,5.39527362008911,-93.2636178619975,-17.481463856032,-230.245538289593,15.9311920532987,8.56797011795862,1077.01537722694,,,,,,,,,
1951.25,1951-04-01,21.7920312285423,,25.9466666666667,104506.666666667,44.575,41503.3333333333,2.57,,,62.2849016785845,2638.898,320.221,3.1,,,,,,47959,-578.799476178333,-367.888945945322,787.811668475219,8.75521758737694,6.86921664884004,8.75521758737694,6.86921664884004,-92.3477119927055,-17.4498786215742,-231.213725030251,3.87274696263145,8.77591104574993,1077.81017582151,,,,,,,,,
1951.5,1951-07-01,22.7506349048917,,25.9333333333333,104542.666666667,44.148,41472.6666666667,2.57,,,65.1899846739036,2693.259,296.643,3.16666666666667,,,,,,48009,-586.482116492387,-365.884329706256,789.850726345627,7.00203281185026,8.15623148163347,7.00203281185026,8.15623148163347,-92.456070583321,-13.0936089601367,-231.162324360911,-0.205602677361405,6.90387777921906,1077.91437723141,,,,,,,,,
1951.75,1951-10-01,23.1816393742796,,26.3166666666667,104746.666666667,44.17,41525.3333333333,2.57,,,40.8667987339427,2699.156,273.007,3.36666666666667,,,,,,48155.6666666667,-594.980257959825,-365.860560494755,790.069441053258,5.32389514527152,0.874858830523451,5.32389514527152,0.874858830523451,-92.5241053738056,-12.6841892969604,-232.629655312641,5.86932380692211,6.36691503637272,1078.21940980828,,,,,,,,,
1952,1952-01-01,23.9077420080862,,26.4166666666667,104863.333333333,44.455,41807,2.57,,,52.0596462807365,2727.954,280.13,3.06666666666667,,,,,,48440.6666666667,-592.515941290131,-364.910603738649,791.13071566511,5.03635135210097,4.2450984474069,5.03635135210097,4.2450984474069,-91.9594125430453,-9.9792784214182,-233.008922518215,1.51706882229554,2.76338422862192,1078.80949603029,,,,,,,,,
1952.25,1952-04-01,23.9485714927552,,26.4866666666667,105006.666666667,44.268,41825.3333333333,2.57,,,56.7476196357134,2733.8,259.01,2.96666666666667,,,,,,48514.6666666667,-600.491244819482,-364.833125746906,791.344786171855,3.53311769663662,0.856282026982669,3.53311769663662,0.856282026982669,-92.0521623649267,-10.0732785036718,-233.273556281122,1.05853505162514,2.05983125087035,1078.96214367085,,,,,,,,,
1952.5,1952-07-01,25.015625089407,,26.6666666666667,105342.666666667,44.588,42066,2.57,,,46.8510276401863,2753.517,272.895,3.23333333333333,,,,,,48795.6666666667,-595.588670175358,-364.433952492656,792.063428264389,2.21270191876206,2.87456837013522,2.21270191876206,2.87456837013522,-91.7978715135433,-6.39137127946839,-233.950844709864,2.70915371497154,2.78852034895358,1079.53967900843,,,,,,,,,
1952.75,1952-10-01,25.1147540983607,,26.6966666666667,105703,45.771,43009,2.57,,,54.106626563383,2843.941,292.552,2.83333333333333,,,,,,49859.6666666667,-588.974612502028,-361.544250839041,795.294604527897,5.22516347463897,12.9247050540311,5.22516347463897,12.9247050540311,-89.9223878568769,-6.10832275402558,-234.063281476035,0.449747064683592,1.43362616339395,1081.69676716695,,,,,,,,,
1953,1953-01-01,26.029016463483,,26.62,106672,46.241,43527,2.57,,,52.6264669876253,2896.811,298.847,2.7,,,,,,50318.6666666667,-587.758224811881,-360.614822912005,797.136575573779,6.00585990866911,7.36788418352745,6.00585990866911,7.36788418352745,-89.6377270674046,-2.24508794041654,-233.775691405984,-1.15036028020619,0.766768887768521,1082.61313939379,,,,,,,,,
1953.25,1953-04-01,24.4918750226498,,26.72,106904.666666667,46.326,43741,2.65333333333333,,,58.9922963125185,2919.206,300.547,2.56666666666667,,,,,,50481.3333333333,-587.408860283094,-360.062581008832,797.906694047776,6.56190787592053,3.08047389598833,6.56190787592053,3.08047389598833,-89.3651594228115,-8.70709178483068,-230.959563748026,1.49981428059167,0.877088695010153,1082.93589099672,,,,,,,,,
1953.5,1953-07-01,23.9939999800462,,26.8433333333333,107139.666666667,45.871,43722.3333333333,2.82,,,44.1337851129124,2902.785,294.261,2.73333333333333,,,,,,50464.3333333333,-589.742142961681,-360.846265826996,797.342589996608,5.27916173221836,-2.25641620467343,5.27916173221836,-2.25641620467343,-89.6274247439828,-11.2213698878224,-225.328061218932,1.84205938835955,0.660315113357157,1082.90220951098,,,,,,,,,
1953.75,1953-10-01,24.4345902302226,,26.89,107503.333333333,45.155,43198.3333333333,2.82,,,52.3829285597797,2858.845,272.998,3.7,,,,,,49950.3333333333,-597.581266467026,-362.710415772883,795.817297609223,0.52269308132642,-6.10116954953668,0.52269308132642,-6.10116954953668,-91.1719940580011,-9.57547094875813,-225.501758533075,0.694789256571937,0.721575661329243,1081.87844573944,,,,,,,,,
1954,1954-01-01,26.0440323429723,,26.9533333333333,107876.666666667,44.548,42556.3333333333,2.82,,,63.67703457273,2845.192,271.041,5.26666666666667,,,,,,49336,-598.647377729786,-363.535804714479,795.338583110228,-1.79799246355081,-1.91485799598148,-1.79799246355081,-1.91485799598148,-93.0159910825119,-3.4318318311805,-225.737009059449,0.941002105496658,1.24441625775495,1080.64093166713,,,,,,,,,
1954.25,1954-04-01,28.4404761602008,,26.91,108177,44.214,42186,2.82,,,42.6158737099193,2848.305,270.402,5.8,,,,,,49013,-599.161431289122,-363.70446939879,795.447935949448,-2.45875809832761,0.437411356881157,-2.45875809832761,0.437411356881157,-94.1680362055161,5.53153826791642,-225.576107978879,-0.643604322280211,0.708561607036984,1079.98408480278,,,,,,,,,
1954.5,1954-07-01,30.7696875631809,,26.84,108443.333333333,44.043,41964.3333333333,2.82,,,38.7458360322265,2880.482,283.451,5.96666666666667,,,,,,48849,-594.694377338172,-362.827012186709,796.571292023779,-0.771297972828045,4.49342429732482,-0.771297972828045,4.49342429732482,-94.940771196856,13.6636723236146,-225.315642715346,-1.04186105413344,-0.0124185035862645,1079.64891864323,,,,,,,,,
1954.75,1954-10-01,33.5671429709783,,26.7566666666667,108786,44.588,42210.6666666667,2.82,,,39.7210862184757,2936.852,295.882,5.33333333333333,,,,,,49151,-590.717720245995,-361.204439028095,798.509353837291,2.69205622806803,7.75224725404762,2.69205622806803,7.75224725404762,-94.6709695956399,22.67640372811,-225.004677852535,-1.2438594512421,-0.497080680539774,1080.26524712483,,,,,,,,,
1955,1955-01-01,36.2868254525321,,26.7933333333333,109130.333333333,45.304,42762.6666666667,2.82,,,50.6012630909644,3020.746,325.442,4.73333333333333,,,,,,49700.6666666667,-581.511390719614,-358.703906583143,801.325909973208,5.98732686298007,11.2662245436667,5.98732686298007,11.2662245436667,-93.6877438789387,30.330163984899,-225.141621540292,0.547774751027852,-0.595387519156976,1081.3773625811,,,,,,,,,
1955.25,1955-04-01,38.4446028452071,,26.7566666666667,109533.666666667,45.898,43526.6666666667,2.82,,,33.1281557105906,3069.91,345.235,4.4,,,,,,50516.6666666667,-575.976189455833,-357.458371493559,802.940352419061,7.49241646961272,6.45776978341175,7.49241646961272,6.45776978341175,-92.2858183053683,36.2434654488692,-225.004677852535,-0.547774751027852,-0.571430126343886,1083.00585938178,,,,,,,,,
1955.5,1955-07-01,43.1390625238419,,26.7766666666667,109883.666666667,46.379,44075,2.82,,,29.9348726928978,3111.379,350.533,4.1,,,,,,51121.3333333333,-574.772265613389,-356.435619413216,804.282131525697,7.71083950191764,5.36711642654453,7.71083950191764,5.36711642654453,-91.3529502123064,47.6898048188312,-225.079397656759,0.298879216894221,-0.23624505858697,1084.19571711317,,,,,,,,,
1955.75,1955-10-01,44.1408066903391,,26.8566666666667,110186,46.937,44497.6666666667,2.82,,,31.9116662363635,3130.068,358.661,4.23333333333333,,,,,,51608.6666666667,-572.754747321587,-356.111511735035,804.881000853783,6.37164701649127,2.39547731234211,6.37164701649127,2.39547731234211,-90.673309356551,49.6870593261918,-225.377719817097,1.19328864135344,0.373041964561915,1085.14448960225,,,,,,,,,
1956,1956-01-01,45.3690323368196,,26.86,110483.333333333,47.224,44935,2.82,,,49.5598317561522,3117.922,348.42,4.03333333333333,,,,,,52145.3333333333,-575.921131038941,-356.769792573253,804.49220332689,3.16629335368148,-1.55519010757246,3.16629335368148,-1.55519010757246,-89.9647678908954,52.4191574092796,-225.390130614507,0.0496431896387151,0.248509074214631,1086.17899709662,,,,,,,,,
1956.25,1956-04-01,46.9460937380791,,27.0366666666667,110787.666666667,47.325,45152.3333333333,2.82,,,32.7360177733426,3143.694,345.678,4.2,,,,,,52489,-576.986302951785,-356.221691485891,805.315382056812,2.37502963775125,3.29271491969081,2.37502963775125,3.29271491969081,-89.7573498330682,55.1806032311878,-226.045708446412,2.62231132762079,1.04103059387679,1086.8358902817,,,,,,,,,
1956.5,1956-07-01,48.0619047861251,,27.3166666666667,111113.333333333,47.133,44951,2.82,,,30.5526202121925,3140.874,342.583,4.13333333333333,,,,,,52396.6666666667,-578.179201631792,-356.60495963072,805.225638412085,0.943506886388334,-0.358974578907123,0.943506886388334,-0.358974578907123,-90.4977693834705,56.4992846503602,-227.076013157171,4.12121884303414,1.99661550041177,1086.65982550542,,,,,,,,,
1956.75,1956-10-01,46.1482259073565,,27.55,111431,47.395,45290.3333333333,2.82,,,40.9320439276079,3192.57,339.406,4.13333333333333,,,,,,52842.3333333333,-579.396381334514,-355.257933018846,806.858151405629,1.97715055184649,6.53005197417471,1.97715055184649,6.53005197417471,-90.0311947745128,51.5855982733598,-227.92656506489,3.40220763087782,2.54884524779286,1087.50679161271,,,,,,,,,
1957,1957-01-01,44.3509677148634,,27.7766666666667,111720.333333333,47.44,45400.6666666667,2.98666666666667,,,43.3368256913056,3213.011,334.137,3.93333333333333,,,,,,53046.6666666667,-581.220291518752,-354.879022100261,807.496378270166,3.00417494327618,2.55290745814634,3.00417494327618,2.55290745814634,-90.0471935494824,46.7938188743356,-223.003840140728,3.27752165083286,3.3558148630914,1087.89273082634,,,,,,,,,
1957.25,1957-04-01,46.4622223869203,,28.0133333333333,112045.333333333,47.339,45446.3333333333,3.07,,,34.5434084193876,3205.97,333.798,4.1,,,,,,53151.6666666667,-581.612281068995,-355.388885461705,807.276997567094,1.96161551028222,-0.877522812285037,1.96161551028222,-0.877522812285037,-90.2371408670888,50.595897330453,-221.100302570958,3.39369903307372,3.54866178945463,1088.09047410709,,,,,,,,,
1957.5,1957-07-01,46.1867187023163,,28.2633333333333,112430.666666667,47.111,45308.3333333333,3.07,,,34.8294352483312,3237.386,341.451,4.23333333333333,,,,,,53061.6666666667,-579.68878302524,-354.757052130908,808.252149303261,3.02651089117578,3.90060694466712,3.02651089117578,3.90060694466712,-90.8845760995678,49.1126960135489,-221.98877610487,3.55389413564478,3.40683061260729,1087.92100381797,,,,,,,,,
1957.75,1957-10-01,40.6644442724803,,28.4,112865.666666667,46.139,44774,3.04666666666667,,,35.5641573735433,3203.894,315.195,4.93333333333333,,,,,,52568.3333333333,-588.076210504826,-356.183137596647,807.212222399553,0.354070993923905,-4.1597076148328,0.354070993923905,-4.1597076148328,-92.4570707174172,35.8964960367304,-223.234104836921,1.92952900774337,3.03866095682368,1086.98691895509,,,,,,,,,
1958,1958-01-01,41.4953968108647,,28.7366666666667,113236.333333333,45.106,43816.6666666667,3.07,,,43.676004386383,3120.724,293.932,6.3,,,,,,51650.3333333333,-595.388391102544,-359.141205392903,804.582030516585,-2.91434775358113,-10.5207675318738,-2.91434775358113,-10.5207675318738,-94.9462817604953,36.7408609310697,-223.649632995462,4.71389855462547,3.39775518277183,1085.22519282217,,,,,,,,,
1958.25,1958-04-01,43.5938095213875,,28.93,113532,44.444,43055.6666666667,3.07,,,45.138390697235,3141.224,288.01,7.36666666666667,,,,,,50951.6666666667,-597.684481273708,-358.747220262871,805.236781186374,-2.04021638072049,2.61900267915749,-2.04021638072049,2.61900267915749,-96.9590883411294,41.0036037831925,-224.320155738894,2.68209097372782,3.21985316793536,1083.86327499248,,,,,,,,,
1958.5,1958-07-01,47.5256251096725,,28.9133333333333,113846.333333333,44.977,43259.3333333333,3.07,,,32.8665007520589,3213.884,310.114,7.33333333333333,,,,,,51259.3333333333,-590.566489303991,-356.736941130505,807.523545354905,-0.728603948356543,9.14705667412292,-0.728603948356543,9.14705667412292,-96.7636576160813,49.6966191829732,-224.262528814,-0.230507699573224,2.27375270913086,1084.46529942411,,,,,,,,,
1958.75,1958-10-01,52.2743546885829,,28.9433333333333,114283.333333333,45.648,43785,3.02333333333333,,,33.7475355944959,3289.032,336.555,6.36666666666667,,,,,,51838,-582.767444106455,-354.808744850164,809.834857554276,2.62263515472299,9.24524879748532,2.62263515472299,9.24524879748532,-95.9389452088076,59.1166005282799,-225.897991994551,0.414818266133388,1.89507502372837,1085.5878750035,,,,,,,,,
1959,1959-01-01,55.5429508021621,,28.9933333333333,114714.333333333,46.533,44609,2.99,,,33.4756320533105,3352.129,354.894,5.83333333333333,,,,,,52726.6666666667,-577.838110564472,-353.284931363517,811.735094534834,7.15306401824929,7.60094792223143,7.15306401824929,7.60094792223143,-94.4509347610989,65.0090691281084,-227.179253109879,0.69040923877548,0.889202694765867,1087.28766154053,,,,,,,,,
1959.25,1959-04-01,57.5098459683932,,29.0433333333333,115139,47.413,45371.3333333333,2.97,,,27.9774427968027,3427.667,382.5,5.1,,,,,,53517.3333333333,-570.716671984646,-351.426023930409,813.963513380896,8.72673219452214,8.91367538424888,8.72673219452214,8.91367538424888,-93.1259612891856,68.3167199802236,-228.022701476048,0.689219629481208,0.390984858704213,1088.77608679504,,,,,,,,,
1959.5,1959-07-01,58.7478123903275,,29.1933333333333,115550.666666667,47.274,45325,2.97,,,31.8855261767516,3430.057,357.798,5.26666666666667,,,,,,53522.6666666667,-577.749580384996,-351.713222709632,814.033215809771,6.50967045486617,0.278809715499051,6.50967045486617,0.278809715499051,-93.5850349570981,69.9313543716532,-228.537841989053,2.0605620520227,0.963752296603193,1088.78605191712,,,,,,,,,
1959.75,1959-10-01,57.7885712517632,,29.37,115918,47.287,45416.3333333333,2.97,,,29.11733461123,3439.832,369.442,5.6,,,,,,53722,-574.864456437711,-351.746041160204,814.317791196557,4.48293364228061,1.13830154714307,4.48293364228061,1.13830154714307,-93.7011239186696,67.6817281708557,-229.141179239592,2.4133490021546,1.4633849806085,1089.15778800261,,,,,,,,,
1960,1960-01-01,56.2131746685694,,29.3966666666667,116707.666666667,47.584,46027.6666666667,2.97,,,38.4385119076672,3517.181,406.581,5.13333333333333,,,,,,54413.6666666667,-565.964434050191,-350.201241616644,816.541509546592,4.80641501175807,8.89487340014128,4.80641501175807,8.89487340014128,-93.0429567683889,64.8269864902128,-229.231933641737,0.363017608580307,1.3815370730597,1090.43706267824,,,,,,,,,
1960.25,1960-04-01,56.0842855544317,,29.5733333333333,117036.666666667,47.663,46079.3333333333,2.97,,,34.1107651200466,3498.246,368.686,5.23333333333333,,,,,,54545.3333333333,-576.029722172796,-351.022557599049,816.001697900631,2.03818451973508,-2.1592465838431,2.03818451973508,-2.1592465838431,-93.2122727324273,63.9982604020879,-229.831110155939,2.39670605680882,1.8084086798916,1090.67874391752,,,,,,,,,
1960.5,1960-07-01,55.7387499809265,,29.59,117411,47.397,45799,2.97,,,36.2944590257553,3515.385,367.749,5.53333333333333,,,,,,54268.3333333333,-576.603523851083,-350.853154992012,816.490432882995,2.45721707322364,1.9549399294533,2.45721707322364,1.9549399294533,-94.1418342947294,63.323912950085,-229.887451359751,0.225364815246643,1.34960937069759,1090.16961559416,,,,,,,,,
1960.75,1960-10-01,55.3404840653943,,29.78,117824.333333333,46.964,45410,2.97,,,38.4283225939252,3470.278,327.01,6.26666666666667,,,,,,53948.3333333333,-588.695934219773,-352.496010866153,815.198998500562,0.881207304005649,-5.16573752972889,0.881207304005649,-5.16573752972889,-95.346246957515,61.9667694180567,-230.527507444125,2.56022433749781,1.38632820453339,1089.57820774071,,,,,,,,,
1961,1961-01-01,62.0240320390271,,29.84,118254.333333333,46.693,45045.6666666667,2.97,,,35.4011752748937,3493.703,335.496,6.8,,,,,,53633,-586.498291737083,-352.187546698876,815.8717484219,-0.669761124691526,2.69099968535258,-0.669761124691526,2.69099968535258,-96.5160882216945,73.1672148139507,-230.728782252095,0.80509923187897,1.49684861035806,1088.99198292527,,,,,,,,,
1961.25,1961-04-01,65.9969844515362,,29.83,118636,46.586,45136.3333333333,2.97,,,33.1566368922159,3553.021,359.004,7,,,,,,53796.6666666667,-580.048173031428,-350.826175430003,817.555350650173,1.55365274954189,6.73440891309056,1.55365274954189,6.73440891309056,-96.6372442499225,79.4094452327703,-230.695264571205,-0.134070723561308,0.864154415265528,1089.29667863618,,,,,,,,,
1961.5,1961-07-01,66.8649206010122,,29.9466666666667,119000.666666667,46.862,45508.3333333333,2.97,,,35.9235615847493,3621.252,386.914,6.76666666666667,,,,,,54269.6666666667,-572.868192820633,-349.230927293998,819.457510137889,2.96707725489416,7.60863795086237,2.96707725489416,7.60863795086237,-96.1233635966626,80.325645210983,-231.085606894747,1.56136929416846,1.19815553499598,1090.17207249097,,,,,,,,,
1961.75,1961-10-01,70.1740323958858,,29.99,119189.666666667,47.455,45894.3333333333,2.97,,,33.9499339889853,3692.289,393.316,6.2,,,,,,54712,-571.385798079367,-347.446947090197,821.400186991568,6.20118849100546,7.77070741471633,6.20118849100546,7.77070741471633,-95.4374409180547,85.0114340947162,-231.230203994631,0.57838839953579,0.702696550505477,1090.98383427779,,,,,,,,,
1962,1962-01-01,69.8431747678727,,30.1066666666667,119378.666666667,47.631,46241.3333333333,2.97,,,34.6025340979165,3758.147,414.522,5.63333333333333,,,,,,55118,-566.292974368156,-345.837449708387,823.168129575974,7.29638115407312,7.07177033762321,7.29638115407312,7.07177033762321,-94.8426454849632,84.1505737055014,-231.618467835869,1.55305536495174,0.88968558377367,1091.7231620559,,,,,,,,,
1962.25,1962-04-01,62.1465077475896,,30.22,119819.333333333,48.197,46664.6666666667,2.97,,,39.5647965677759,3792.149,411.253,5.53333333333333,,,,,,55624.6666666667,-567.453173483523,-345.305217586913,824.06881558519,6.5134649350167,3.60274403686489,6.5134649350167,3.60274403686489,-94.2997776858949,72.0990668826847,-231.994200402999,1.50293026851855,1.29893583179364,1092.63820269412,,,,,,,,,
1962.5,1962-07-01,57.8484127710736,,30.3066666666667,120368,48.098,46794.6666666667,2.97,,,52.2435428966136,3838.776,418.241,5.56666666666667,,,,,,55854,-566.225117439531,-344.540015102981,825.290884477019,5.83337433913069,4.88827556731835,5.83337433913069,4.88827556731835,-94.4784480502172,64.6458305973389,-232.280575750162,1.14550138865575,1.19496885541546,1093.04964223445,,,,,,,,,
1962.75,1962-10-01,59.4449206155444,,30.38,121045.666666667,47.803,46913.3333333333,2.97,,,41.1904761390641,3851.421,406.004,5.53333333333333,,,,,,56041.6666666667,-569.756015207583,-344.772571375215,825.619745009363,4.21955801779497,1.31544212937342,4.21955801779497,1.31544212937342,-94.7865956993351,67.126568271503,-232.522254435302,0.966714740557606,1.29205044067091,1093.38507406701,,,,,,,,,
1963,1963-01-01,65.532741731213,,30.4766666666667,121640,48.09,46995,2.97,,,50.9990587397449,3893.482,427.366,5.76666666666667,,,,,,56221.6666666667,-565.11803528427,-344.176198987471,826.705915191659,3.53778561568543,4.34468072918506,3.53778561568543,4.34468072918506,-95.1024649736899,76.558852799669,-232.839941069362,1.27074653623946,1.22147323349284,1093.70574894616,,,,,,,,,
1963.25,1963-04-01,69.6693650503007,,30.5333333333333,122166.666666667,48.398,47333.6666666667,2.97,,,40.2972714134182,3937.183,434.164,5.73333333333333,,,,,,56618.3333333333,-563.971916873473,-343.492073968429,827.822077195644,3.75326161045457,4.46464801594146,3.75326161045457,4.46464801594146,-94.8164421496721,82.4941712314068,-233.025703019737,0.743047801499763,1.03150261673814,1094.40881222265,,,,,,,,,
1963.5,1963-07-01,70.9085936546326,,30.72,122669.666666667,48.53,47554.3333333333,2.97,,,46.0704906462052,4023.755,447.531,5.5,,,,,,56927.3333333333,-561.350457564703,-341.727955947146,829.997082523418,4.70619804639849,8.70002131109402,4.70619804639849,8.70002131109402,-94.7622188742781,83.6477726018334,-233.635195546486,2.43797010699858,1.35461979632385,1094.95308796981,,,,,,,,,
1963.75,1963-10-01,73.2959678403793,,30.8033333333333,123188.666666667,48.908,47813,2.97,,,41.1408211387225,4050.147,452.965,5.56666666666667,,,,,,57299.6666666667,-560.565747470314,-341.496387876992,830.650845573819,5.03110056445593,2.61505220160316,5.03110056445593,2.61505220160316,-94.641948647755,86.6882689148798,-233.906095641723,1.0836003809473,1.38384120642128,1095.60500853503,,,,,,,,,
1964,1964-01-01,77.5346776900753,,30.93,123708,49.921,48127.6666666667,2.97,,,43.2251112013044,4135.553,469.918,5.46666666666667,,,,,,57712.3333333333,-557.312101748671,-339.830289397189,832.737633491249,6.03171829959024,8.34715166972231,6.03171829959024,8.34715166972231,-94.4066747574035,91.8998703650093,-234.316463388237,1.64147098605554,1.4765223188753,1096.32261789329,,,,,,,,,
1964.25,1964-04-01,80.2906246185303,,30.98,124203,50.141,48415.6666666667,2.97,,,34.5104104527807,4180.592,468.225,5.2,,,,,,58076.6666666667,-558.072365316325,-339.146446049424,833.820814228493,5.99873703284892,4.3327229489762,5.99873703284892,4.3327229489762,-94.209387099117,95.2311024708439,-234.477988217411,0.646099316697679,1.45228519767477,1096.95192557488,,,,,,,,,
1964.5,1964-07-01,82.8823436498642,,31.05,124739.333333333,50.463,48913,2.92,,,43.9334166786498,4245.918,479.154,5,,,,,,58644.6666666667,-556.195945674466,-338.026817583325,835.371332978279,5.37425045486142,6.202074999144,5.37425045486142,6.202074999144,-93.6183016813819,98.1823247360551,-236.40151920993,0.902789356306144,1.06849001000167,1097.92519150221,,,,,,,,,
1964.75,1964-10-01,84.7161911252945,,31.1933333333333,125289,50.955,49270.3333333333,2.92,,,43.5069645110468,4259.046,483.706,4.96666666666667,,,,,,59144,-555.69010635899,-338.157787720247,835.680047052232,5.02920147841319,1.23485629581026,5.02920147841319,1.23485629581026,-93.3300926767542,99.9102345123657,-236.862078048977,1.84223535618901,1.25814875381209,1098.77304272369,,,,,,,,,
1965,1965-01-01,86.5758060332268,,31.29,125814,51.743,49821.3333333333,2.92,,,33.4371739382103,4362.111,529.824,4.9,,,,,,59795,-547.00150288896,-336.184851133436,838.071139348044,5.33350585679528,9.56436918325068,5.33350585679528,9.56436918325068,-92.6361353343237,101.77218427951,-237.17149414006,1.23766436433215,1.15719709838125,1099.86773244029,,,,,,,,,
1965.25,1965-04-01,87.3788888113839,,31.49,126324.666666667,52.256,50389,2.92,,,43.2008800945579,4417.225,531.216,4.66666666666667,,,,,,60480,-547.144187326961,-335.334364160926,839.326694985088,5.50588075659508,5.02222254817539,5.50588075659508,5.02222254817539,-91.9082415189802,102.058367159093,-237.808641883274,2.54859097285696,1.63282001242107,1101.00680108534,,,,,,,,,
1965.5,1965-07-01,86.9170310497284,,31.5833333333333,126745,52.386,50957.6666666667,2.92,,,41.2557460281092,4515.427,549.712,4.36666666666667,,,,,,61227.6666666667,-544.053796822611,-333.46774379209,841.525503502269,6.15417052398986,8.79523406872309,6.15417052398986,8.79523406872309,-91.1181971291616,101.232444223625,-238.104593901424,1.18380807259708,1.7030746914938,1102.23544360645,,,,,,,,,
1965.75,1965-10-01,91.7519048055013,,31.75,127169.333333333,52.884,51574.6666666667,2.92,,,42.5465340222686,4619.458,553.352,4.1,,,,,,62012.3333333333,-543.728048362128,-331.52421494981,843.803266117641,8.1232190654088,9.11105046148606,8.1232190654088,9.11105046148606,-90.2488935835598,106.119552220338,-238.630910905851,2.10526801770996,1.76883285687404,1103.50885689755,,,,,,,,,
1966,1966-01-01,91.504761832101,,32.0466666666667,127511.333333333,53.641,52224.3333333333,2.92,,,50.9576939784318,4731.888,597.563,3.86666666666667,,,,,,62839,-536.310081094125,-329.388097234001,846.207955617912,8.13681626986735,9.61875800108487,8.13681626986735,9.61875800108487,-89.2656707454277,104.919783901052,-239.560955751751,3.7201793836017,2.38946161169142,1104.8331178812,,,,,,,,,
1966.25,1966-04-01,88.0579365321568,,32.3366666666667,127868.666666667,54.166,52926,2.92,,,38.3330749832336,4748.046,588.717,3.83333333333333,,,,,,63753.3333333333,-538.08133816897,-329.327053052157,846.548844397243,7.22214941215515,1.3635551173266,7.22214941215515,1.3635551173266,-88.2108984007178,100.179319022648,-240.461816102489,3.60344140295101,2.65317421921494,1106.27767492354,,,,,,,,,
1966.5,1966-07-01,81.3414058685303,,32.6166666666667,128233.666666667,54.42,53469.3333333333,2.93666666666667,,,47.3857122492262,4788.254,584.373,3.76666666666667,,,,,,64483.6666666667,-539.106992191982,-328.768828493633,847.392111456069,5.86660795379999,3.37306823530241,5.86660795379999,3.37306823530241,-87.4745839682594,91.3831779007845,-240.7548253894,3.44865114755724,3.21938498795498,1107.41672407416,,,,,,,,,
1966.75,1966-10-01,79.7979032454952,,32.8833333333333,128617,54.285,53828.6666666667,2.97,,,55.6508731194892,4827.537,587.798,3.7,,,,,,65024,-538.821092343382,-328.250259619911,848.209167869588,4.40590175194711,3.26822565407454,4.40590175194711,3.26822565407454,-87.1032832982311,88.6531285190944,-240.440399098591,3.25701545061552,3.50732184618137,1108.25117114981,,,,,,,,,
1967,1967-01-01,87.1067741147934,,32.9666666666667,129043.666666667,54.226,54100.3333333333,2.99,,,55.2758021592819,4870.299,573.373,3.83333333333333,,,,,,65455.3333333333,-541.636966256451,-327.69955168613,849.091061049586,2.88310543167434,3.5275727199938,2.88310543167434,3.5275727199938,-86.9310501112119,97.1637704866695,-240.022356255796,1.01240246401684,2.83037761628515,1108.91232551585,,,,,,,,,
1967.25,1967-04-01,91.6831253767014,,33.1666666666667,129527,53.9,54131,3,,,56.7229020299831,4873.287,552.629,3.83333333333333,,,,,,65612,-545.695774229671,-328.01206955318,849.152393706652,2.60354930940885,0.245330628264639,2.60354930940885,0.245330628264639,-87.2482318933978,101.679298694895,-240.293306682833,2.41936221435228,2.53435781913547,1109.15138850324,,,,,,,,,
1967.5,1967-07-01,94.4336505466037,,33.5,130165.666666667,54.081,54479.3333333333,3.04666666666667,,,42.8030720980874,4919.392,568.833,3.8,,,,,,66065,-543.297638342212,-327.562305249159,850.094022461429,2.70191100535957,3.7665150191053,2.70191100535957,3.7665150191053,-87.0986573263859,103.635203845564,-239.749734203307,4.00003333383339,2.67220336570451,1109.83943848483,,,,,,,,,
1967.75,1967-10-01,94.5688707905431,,33.8666666666667,130757.333333333,54.327,54918.6666666667,3.07,,,64.9895940137991,4956.477,581.104,3.9,,,,,,66609.3333333333,-541.61687244796,-327.264798194283,850.845048509096,2.63588063950788,3.00410419066779,2.63588063950788,3.00410419066779,-86.7489885183901,102.689711401823,-240.075368487717,4.35432305810046,2.94653026757574,1110.65999868499,,,,,,,,,
1968,1968-01-01,91.7177416893744,,34.2,131267,54.425,55286.3333333333,3.07,,,86.0419707299835,5057.553,592.754,3.73333333333333,,,,,,67104.6666666667,-540.020922274566,-325.635064740301,852.86380484729,3.77274379770416,8.07502535277891,3.77274379770416,8.07502535277891,-86.4707675738237,98.6490191827512,-241.054808246945,3.91775903691514,3.67286941080032,1111.40088684798,,,,,,,,,
1968.25,1968-04-01,97.9140679310944,,34.5333333333333,131712.333333333,54.945,55781,3.07,,,63.6466444382393,5142.033,615.427,3.56666666666667,,,,,,67704.3333333333,-536.605919469602,-324.317172498315,854.520380554153,5.36798684750082,6.62630282745127,5.36798684750082,6.62630282745127,-85.9186941931289,104.21651950026,-242.024747955817,3.87975883548535,4.03796856608358,1112.29054647298,,,,,,,,,
1968.5,1968-07-01,99.8817304464487,,35,132250,55.333,56271,3.07,,,50.4144104381147,5181.859,598.643,3.53333333333333,,,,,,68313.3333333333,-539.778392260192,-323.953019854027,855.291915118028,5.19789265659885,3.08613825549742,5.19789265659885,3.08613825549742,-85.4514765992095,104.863872902687,-243.367049989031,5.36920813285615,4.38026226583927,1113.18602436856,,,,,,,,,
1968.75,1968-10-01,105.206792435556,,35.4333333333333,132880,55.677,56866.6666666667,3.07,,,58.9504598694496,5202.212,605.155,3.4,,,,,,68984.3333333333,-539.171712072242,-324.036254555266,855.683919873452,4.83887136435612,1.5680190216969,4.83887136435612,1.5680190216969,-84.8737118915571,108.827486841738,-244.597543508069,4.92197407615151,4.52217502035204,1114.16347046588,,,,,,,,,
1969,1969-01-01,100.955000050863,,35.8666666666667,133476,56.198,57460.3333333333,3.13,,,60.8532586461556,5283.597,640.79,3.4,,,,,,69681,-533.897517524078,-322.931457062517,857.236239475486,4.37243462819588,6.20927840813792,4.37243462819588,6.20927840813792,-84.2826831726553,103.486651444658,-243.877535450751,4.86214495191284,4.75827149910146,1115.16829627437,,,,,,,,,
1969.25,1969-04-01,101.667301480732,,36.4333333333333,134020.333333333,56.718,58049.3333333333,3.35,,,51.7555251469487,5299.625,637.015,3.43333333333333,,,,,,70345.3333333333,-534.895360553943,-323.035546639504,857.539134232,3.01875367784685,1.21157902605518,3.01875367784685,1.21157902605518,-83.6698306007513,102.62216254782,-238.652376067741,6.27029898192344,5.35590653571099,1116.11717253506,,,,,,,,,
1969.5,1969-07-01,94.4671426197839,,36.9333333333333,134595,56.998,58519.6666666667,3.35,,,53.966322232085,5334.6,649.948,3.56666666666667,,,,,,70883.6666666667,-533.313318871076,-322.805636404512,858.196918435515,2.90500331748742,2.63113681405969,2.90500331748742,2.63113681405969,-83.2907389340758,93.9137591248812,-240.01541398081,5.45215165227635,5.37664241556604,1116.87953145655,,,,,,,,,
1969.75,1969-10-01,94.2090624570847,,37.5,135246.666666667,56.836,58697.6666666667,3.35,,,61.5520959148518,5308.556,618.565,3.56666666666667,,,,,,71149.3333333333,-538.745327140969,-323.778041316989,857.707513751732,2.02359387828057,-1.9576187351305,2.02359387828057,-1.9576187351305,-83.4700295803046,92.1175448406253,-241.538058713939,6.09057893251652,5.66879362965729,1117.25362335983,,,,,,,,,
1970,1970-01-01,88.7673772593014,,38.1,135949.666666667,56.614,58771.6666666667,3.35,,,46.4160728532877,5300.652,600.116,4.16666666666667,,,,,,71310.6666666667,-542.291702831279,-324.445488733385,857.558511084194,0.322271608707503,-0.596010670154357,0.322271608707503,-0.596010670154357,-83.8624839831057,84.5804927161335,-243.125393629568,6.34933966251605,6.04059230730809,1117.48011978311,,,,,,,,,
1970.25,1970-04-01,79.2473842914288,,38.6333333333333,136676.666666667,55.878,58487,3.35,,,62.4838155549717,5308.164,601.421,4.76666666666667,,,,,,71167,-542.6078129599,-324.837202633283,857.700129173441,0.160994941441217,0.566472356990033,0.160994941441217,0.566472356990033,-84.8813531764532,71.8458944748703,-244.515511584062,5.56047181797634,5.86313551632132,1117.27845068125,,,,,,,,,
1970.5,1970-07-01,78.6271877288819,,39.0333333333333,137456,55.604,58261.6666666667,3.31,,,50.636972610283,5357.077,611.208,5.16666666666667,,,,,,70978,-541.562181810595,-324.488537538355,858.617376949429,0.42045851391439,3.66899110395238,0.42045851391439,3.66899110395238,-85.8359507381446,70.0301557548583,-246.746779254659,4.12020810318623,5.53014962904879,1117.01252488523,,,,,,,,,
1970.75,1970-10-01,86.2987502813339,,39.6,138260.333333333,55.183,57751.3333333333,3.39333333333333,,,58.7357928102316,5299.672,578.757,5.83333333333333,,,,,,70574,-547.601096005328,-326.149344958029,857.540021083269,-0.167492668462899,-4.30942346463965,-0.167492668462899,-4.30942346463965,-87.2991944272377,77.8985998627154,-245.701639580617,5.76525452994918,5.44881852840695,1116.44170836979,,,,,,,,,
1971,1971-01-01,96.8675806599278,,39.9333333333333,139033.666666667,55.438,57956.3333333333,3.56,,0.801268333333333,61.4220574529734,5443.619,646.232,5.93333333333333,,,,,,70844,-537.131281658398,-324.02720130033,860.219937601735,2.66142651754109,10.7196660738616,2.66142651754109,10.7196660738616,-87.5026256606937,88.6133500991129,-241.74508521493,3.3529115011218,4.69971148805839,1116.82355555765,,,,,,,,,
1971.25,1971-04-01,101.421428377666,,40.3,139827.333333333,55.621,58204.6666666667,3.56,,1.27664307692308,60.9321208722912,5473.059,664.569,5.9,,,,,,71179,-534.902489684228,-324.057063579714,860.759297127949,3.05916795450791,2.15743810485733,3.05916795450791,2.15743810485733,-87.6442793295546,92.2932925101948,-242.65909240887,3.65602877575917,4.2236007275041,1117.29531100754,,,,,,,,,
1971.5,1971-07-01,98.5171874761581,,40.7,140602.666666667,55.624,58394,3.56,,1.59385923076923,81.9438440541033,5518.072,672.632,6.03333333333333,,,,,,71434,-534.249484977062,-323.790942161562,861.578380289798,2.96100334036833,3.27633264739404,2.96100334036833,3.27633264739404,-87.8724800701395,88.4002932651248,-243.646754758461,3.95064939836498,4.18121105129878,1117.65292254612,,,,,,,,,
1971.75,1971-10-01,96.4571875333786,,41,141401.666666667,56.218,58715,3.56,,1.50898285714286,89.0169984497605,5531.032,654.519,5.93333333333333,,,,,,71866,-537.545920454579,-324.123012371795,861.812969555017,4.27294847174764,0.938357060877593,4.27294847174764,0.938357060877593,-87.8909309468938,85.5527190693894,-244.381152184037,2.93758970230336,3.47429484438733,1118.2558552868,,,,,,,,,
1972,1972-01-01,105.449523320274,,41.3333333333333,143005.333333333,56.853,59380,3.56,,0.718733846153846,66.3951858899837,5632.649,697.648,5.76666666666667,,,,,,72677.6666666667,-532.292252701676,-323.430207900995,863.633512557391,3.413574955656,7.28217200949501,3.413574955656,7.28217200949501,-87.892445626611,93.656310954401,-245.190873207299,3.23888409304765,3.44578799236879,1119.37894177937,,,,,,,,,
1972.25,1972-04-01,108.13515651226,,41.6,143758.666666667,57.266,60070,3.56,,0.114053076923077,62.780528074793,5760.47,737.276,5.7,,,,,,73463,-527.292893343183,-321.711689911402,865.877434758329,5.11813763037967,8.97568880375204,5.11813763037967,8.97568880375204,-87.2625418853102,95.528172663476,-245.833962240328,2.5723561321163,3.17486983145807,1120.45371570914,,,,,,,,,
1972.5,1972-07-01,109.287302047487,,41.9333333333333,144522.666666667,57.592,60509,3.56,,0.147169230769231,63.0068908659261,5814.854,747.745,5.56666666666667,,,,,,74038,-526.412962621719,-321.302067982114,866.817095715691,5.23871542589376,3.75864382945039,5.23871542589376,3.75864382945039,-87.0644243692257,95.7899157606553,-246.632051073429,3.19235533240505,2.98529631496809,1121.23337538969,,,,,,,,,
1972.75,1972-10-01,113.832295026936,,42.3666666666667,145215,58.197,61327.3333333333,3.56,,-0.222766153846154,65.9067952400826,5912.22,752.434,5.36666666666667,,,,,,74971.6666666667,-526.265739668699,-320.119400743735,868.477667438493,6.66469788347577,6.64228689120563,6.66469788347577,6.64228689120563,-86.1989764771509,98.8364379487766,-247.660134466336,4.11233357162732,3.27898228229908,1122.48655433647,,,,,,,,,
1973,1973-01-01,114.985806742022,,43.0333333333333,145964.333333333,59.069,62256.3333333333,3.56,,0.663395384615385,85.8562046738489,6058.544,796.53,4.93333333333333,,,,,,75971.6666666667,-521.085278518459,-318.189279243989,870.922478616893,7.2889660595024,9.77924471360154,7.2889660595024,9.77924471360154,-85.2102029162549,98.2833691927343,-249.221446432055,6.2452478628753,4.030573224756,1123.81157427411,,,,,,,,,
1973.25,1973-04-01,107.367619105748,,43.9333333333333,146719.666666667,59.686,62841.3333333333,3.56,,1.17360384615385,84.2138285562182,6124.506,830.483,4.93333333333333,,,,,,76663.3333333333,-517.427155633937,-317.622563648751,872.005337909907,6.12790315157827,4.33143717205553,6.12790315157827,4.33143717205553,-84.7910705534209,89.3585305130497,-251.291278853636,8.27932968632403,5.45731661330793,1124.71788200311,,,,,,,,,
1973.5,1973-07-01,105.022380889408,,44.8,147478.333333333,60.089,63232,4.06,,2.00636,80.9149382159706,6092.301,800.37,4.8,,,,,,77119,-521.636243056909,-318.665542946133,871.478112185553,4.6610164698615,-2.1089028974167,4.6610164698615,-2.1089028974167,-84.6870770209322,85.1965339350764,-240.10251658073,7.81392240825696,6.6127083822709,1125.31049623954,,,,,,,,,
1973.75,1973-10-01,102.574844002724,,45.9333333333333,148226,60.39,63825.3333333333,4.31,,2.10190692307692,105.819505258802,6150.131,828.879,4.76666666666667,,,,,,77852.6666666667,-518.641922955755,-318.226475366635,872.422866138671,3.94519870017849,3.77901581247357,3.94519870017849,3.77901581247357,-84.2587950343099,80.3401647603787,-236.625316579579,9.99317219620366,8.08291803841499,1126.25734305826,,,,,,,,,
1974,1974-01-01,95.745967988045,,47.3,148986.666666667,60.141,64091,10.11,,0.818807692307692,109.477088583315,6097.258,781.544,5.13333333333333,,,,,,78216.6666666667,-525.034064520492,-319.601765455933,871.559444090559,0.636965473665363,-3.45368819245095,0.636965473665363,-3.45368819245095,-84.3552868030175,70.5188221890795,-154.298526246551,11.7276902345754,9.45352863134001,1126.72380325545,,,,,,,,,
1974.25,1974-04-01,90.634761991955,,48.5666666666667,149746.666666667,60.304,64294.6666666667,10.11,,2.92945769230769,91.3801166380484,6111.751,778.425,5.2,,,,,,78511.6666666667,-525.94276088894,-319.873166592118,871.796859048768,-0.208478861138772,0.949659832838989,-0.208478861138772,0.949659832838989,-84.5468294154085,62.3900401372482,-156.941239150067,10.570851614065,10.0264091132753,1127.10025126852,,,,,,,,,
1974.5,1974-07-01,75.8910937309265,,49.9333333333333,150498,60.099,64275.6666666667,10.11,,4.72991769230769,94.0083224426726,6053.978,738.08,5.63333333333333,,,,,,78621.6666666667,-531.765285423671,-321.323421843218,870.847085561404,-0.63102662414849,-3.79909394945557,-0.63102662414849,-3.79909394945557,-85.0768669866869,41.8610552952916,-159.716374938263,11.1005431527838,10.848064299407,1127.24025977675,,,,,,,,,
1974.75,1974-10-01,69.3796874284744,,51.4666666666667,151253,59.117,63657.3333333333,11.16,,2.97195769230769,101.831423665243,6030.464,742.56,6.6,,,,,,78182.3333333333,-531.660553491426,-322.21299750559,870.457923535122,-1.96494260354907,-1.55664810512874,-1.96494260354907,-1.55664810512874,-86.5439399651478,29.8659787398085,-152.85983919694,12.0982266030229,11.3743279011118,1126.67989845569,,,,,,,,,
1975,1975-01-01,78.6047538382108,,52.5666666666667,151987.333333333,57.287,62244.6666666667,11.16,,1.44072615384615,87.1716534743649,5957.035,622.949,8.26666666666667,,,,,,76953,-549.708780954435,-323.922430997058,869.232815305209,-2.32662878535006,-4.90043291965492,-2.32662878535006,-4.90043291965492,-89.2724328403596,40.2349973707525,-154.974624834772,8.45914255132669,10.5571909802996,1125.09501248619,,,,,,,,,
1975.25,1975-04-01,89.0042189359665,,53.2,152707.666666667,56.763,61733,11.16,,0.100300769230769,80.4616224141249,5999.61,604.403,8.86666666666667,,,,,,76535,-553.203950333815,-323.683095122708,869.94497460976,-1.85188443900817,2.84863721820656,-1.85188443900817,2.84863721820656,-90.5706784381183,51.4625376035922,-156.172243939443,4.79047641868622,9.11209718145489,1124.55034315258,,,,,,,,,
1975.5,1975-07-01,87.7004687786102,,54.2666666666667,153579,57.28,62198.6666666667,11.16,,-0.0974053846153846,82.9934421510446,6102.326,651.26,8.46666666666667,,,,,,77050.3333333333,-546.306142356279,-322.554508264278,871.642528895607,0.795443334202339,6.79021714338646,0.795443334202339,6.79021714338646,-90.3881529328561,48.0017079715634,-158.157420794717,7.9407074210927,8.32213824853212,1125.2214166934,,,,,,,,,
1975.75,1975-10-01,89.060312628746,,55.2666666666667,154336.333333333,58.256,62831,11.16,,0.0488238461538461,100.801008939399,6184.53,669.438,8.3,,,,,,77747.3333333333,-544.045092823598,-321.708319101619,872.980629164007,2.52270562888466,5.35240107360053,2.52270562888466,5.35240107360053,-89.8685621422215,47.7143856170345,-159.983399707992,7.30391565310171,7.12356051105183,1126.12195314897,,,,,,,,,
1976,1976-01-01,99.5419048733181,,55.9,155075,59.214,63810,11.7633333333333,,-0.583786923076923,75.6345029411668,6323.649,734.031,7.73333333333333,,,,,,78789,-535.311288778622,-319.96124558986,875.205169394272,5.97235408906389,8.89816092106202,5.97235408906389,8.89816092106202,-88.7998952978926,57.7014329848537,-155.857703114198,4.55777045118744,6.14821748601702,1127.45286721932,,,,,,,,,
1976.25,1976-04-01,101.629047212147,,56.4,155773.666666667,59.246,64353.6666666667,12.17,7.06,-0.577924615384615,69.0074730527318,6370.025,763.083,7.56666666666667,,,,0.801363636363636,,79326.6666666667,-531.879257152667,-319.680070481673,875.935867320529,5.99089271076885,2.92279170502638,5.99089271076885,2.92279170502638,-88.4010186564072,58.886023353674,-153.349525150458,3.56191133718404,5.84107621564147,1128.1329626841,,,,,,,,,
1976.5,1976-07-01,104.29937517643,,57.3,156526.666666667,59.483,64724,12.7466666666667,6.63333333333333,-0.650543076923077,69.5517394691685,6404.895,765.742,7.73333333333333,,,,1.0996875,,79714.3333333333,-532.013637009874,-319.61638477293,876.481782075384,4.839253179777,2.18365901941908,4.839253179777,2.18365901941908,-88.309431396344,59.8964747629832,-150.30308242056,6.33258608667227,5.43904588203636,1128.62046896795,,,,,,,,,
1976.75,1976-10-01,102.634920150515,,58.1333333333333,157222,59.803,65141,13.9,5.72333333333333,-0.696436428571429,83.2809013120217,6451.177,771.471,7.76666666666667,,,,1.46737704918033,,80199.6666666667,-531.711501631009,-319.339622453229,877.201787376241,4.22115821223414,2.8800212034291,4.22115821223414,2.8800212034291,-88.1104668031798,56.8439004367376,-143.085038267012,5.77543963443006,5.05692687736845,1129.227463757,,,,,,,,,
1977,1977-01-01,101.76730128697,,59.2,157910.666666667,60.434,65969,13.9,6.02666666666667,-0.895705,71.5814749680389,6527.703,807.213,7.5,,,,1.33222222222222,,81023,-527.619717730167,-318.597435198047,878.381039928543,3.17587053427015,4.71701020920605,3.17587053427015,4.71701020920605,-87.28445375692,54.1767305196432,-144.903270175331,7.27292763327654,5.73571617289073,1130.24883439655,,,,,,,,,
1977.25,1977-04-01,99.0358732919845,,60.2333333333333,158652.333333333,61.58,66963.3333333333,13.9,6.11333333333333,-0.609966923076923,84.172268701404,6654.466,865.083,7.13333333333333,,,,1.24825396825397,,82101.3333333333,-521.16450482446,-317.14270171414,880.304348718904,4.36848139837522,7.69323516144667,4.36848139837522,7.69323516144667,-86.2570019442354,49.7256232053953,-146.633706879343,6.92174681604492,6.57567504260594,1131.57095356659,,,,,,,,,
1977.5,1977-07-01,97.9765076410203,,61.0666666666667,159429.666666667,62.242,67803.6666666667,14.5333333333333,6.53,-0.476310714285714,75.2867450711162,6774.457,908.859,6.9,,,,0.814761904761905,,83147,-516.716817598321,-315.844364768305,882.091449493444,5.60966741805977,7.14840309815727,5.60966741805977,7.14840309815727,-85.4986589521998,47.2761568412939,-143.552130188504,5.49610185673899,6.36655398512263,1132.83654045956,,,,,,,,,
1977.75,1977-10-01,93.9477778843471,,61.9666666666667,160140.333333333,62.855,68622.3333333333,14.85,7.14333333333333,-0.257321538461539,104.280365707257,6774.592,886.06,6.66666666666667,,,,0.454833333333333,,84127.6666666667,-519.7021124734,-316.287137060416,882.093442253231,4.89165487698955,0.00797103914820241,4.89165487698955,0.00797103914820241,-84.7432473610311,41.6142467411339,-142.859674081058,5.8521769949472,6.38573832525191,1134.00907653055,,,,,,,,,
1978,1978-01-01,89.3516127063382,,63.0333333333333,160828.666666667,63.147,69329.6666666667,14.85,7.54666666666667,-0.193292307692308,102.759599518349,6796.26,903.329,6.33333333333333,,,,0.466393442622951,,85000.6666666667,-518.200806698191,-316.396715526935,882.412773985872,4.03173405732922,1.27732693056473,4.03173405732922,1.27732693056473,-84.1466711126547,34.8915603761729,-144.566382174759,6.82683237480539,6.27421451063412,1135.0414378579,,,,,,,,,
1978.25,1978-04-01,96.0287499427795,,64.4666666666667,161525.333333333,64.986,70712.6666666667,14.85,7.99666666666667,0.429473076923077,82.4174965012871,7058.92,962.001,6,,,,0.321269841269841,,86540.3333333333,-512.340178192207,-313.036992780703,886.204734428125,5.9003857092204,15.1678417690114,5.9003857092204,15.1678417690114,-82.6037275477763,39.8499330852616,-146.814842910238,8.99384294191314,6.79223854210118,1136.83658655548,,,,,,,,,
1978.5,1978-07-01,101.764920915876,,65.9666666666667,162265,65.536,71565.6666666667,14.85,8.47666666666667,0.58689,87.7640956378879,7129.915,990.029,6.03333333333333,,,,0.0166666666666667,,87436,-509.925184458717,-312.493148833741,887.205459187866,5.114009694422,4.00289903896365,5.114009694422,4.00289903896365,-81.8615358100486,43.3515892539147,-149.11496986917,9.20050783573032,7.71834003684901,1137.86623761499,,,,,,,,,
1978.75,1978-10-01,97.2046024383061,,67.5,163024,66.329,72451.6666666667,14.85,9.33,1.70480384615385,87.7168780715412,7225.75,1012.924,5.9,,,,-0.508360655737705,,88339.3333333333,-508.105623145905,-311.624639439255,888.540631382151,6.44718912892071,5.34068877714304,6.44718912892071,5.34068877714304,-81.0977756359004,36.4690462655258,-151.412773262978,9.19121357522954,8.5530991819196,1138.89407385218,,,,,,,,,
1979,1979-01-01,99.4022226484995,,69.2,163756.333333333,66.806,73167.3333333333,15.5166666666667,9.79,0.792073846153846,94.9538591478401,7238.727,1014.607,5.86666666666667,,,,-0.687903225806452,,89114,-508.387820521491,-311.893418840356,888.72006411908,6.30729013320792,0.717730947713591,6.30729013320792,0.717730947713591,-80.5630495189297,36.2173611437797,-149.508614756866,9.94930589805598,9.33371756273225,1139.76717279396,,,,,,,,,
1979.25,1979-04-01,101.136666555253,,71.4,164447.333333333,67.019,73767.3333333333,17.6833333333333,9.59333333333333,0.454126923076923,94.3735918066021,7246.454,1013.693,5.7,,,,-0.476290322580645,,89771.3333333333,-508.89902588489,-312.2078111067,888.826752475034,2.62201804690907,0.426753423815995,2.62201804690907,0.426753423815995,-80.1674360981497,34.8174867045067,-139.567529295366,12.518802688766,10.2149574994455,1140.50209754123,,,,,,,,,
1979.5,1979-07-01,106.182063269237,,73.7,165199.666666667,67.631,74112.3333333333,25.5833333333333,9.55333333333333,1.48820153846154,96.5123845725977,7300.281,996.622,5.86666666666667,,,,-0.436825396825397,,90281.3333333333,-511.053856165188,-311.92420027644,889.566811954633,2.36135276676706,2.96023791839559,2.36135276676706,2.96023791839559,-80.1572883131047,36.5152399578152,-105.806170139609,12.6819719399009,11.0853235254881,1141.06859996896,,,,,,,,,
1979.75,1979-10-01,105.239687204361,,76.0333333333333,166054.666666667,67.785,74412.3333333333,30.8333333333333,11.5633333333333,2.28857,113.89553656219,7318.535,978.943,5.96666666666667,,,,-1.11852459016393,,90575.3333333333,-513.359891223542,-312.19068800814,889.816545031333,1.27591364918178,0.998932306801947,1.27591364918178,0.998932306801947,-80.2695352702654,32.5068643332984,-90.2575484771963,12.4676165707765,11.9044242743748,1141.39371959479,,,,,,,,,
1980,1980-01-01,110.226825653561,,79.0333333333333,166762.333333333,67.622,74651.3333333333,35.8333333333333,13.2666666666667,2.41807,88.1681367482422,7341.557,972.248,6.3,,,,-1.27790322580645,,90892.3333333333,-514.471400811157,-312.301869960747,890.130622445376,1.41055832629657,1.25630965617276,1.41055832629657,1.25630965617276,-80.3741260123687,33.2670589675331,-79.0991145503642,15.4791455124069,13.2868841779626,1141.74309348411,,,,,,,,,
1980.25,1980-04-01,108.402539813329,,81.7,167415.666666667,66.401,73964,39.5,10.2266666666667,3.05042692307692,84.7593593761051,7190.289,889.579,7.33333333333333,,,,0.250952380952381,,90456.6666666667,-523.74867037677,-314.774837624809,888.048664462219,-0.778088012814848,-8.32783193262969,-0.778088012814848,-8.32783193262969,-81.69012535434,28.2797516877373,-72.6753329958881,13.2737189850829,13.4756132520418,1141.26261936537,,,,,,,,,
1980.5,1980-07-01,123.226561903954,,83.2333333333333,168110.666666667,66.098,73664.6666666667,37.8333333333333,10.3766666666667,0.950027692307692,92.5028426939153,7181.743,830.866,7.66666666666667,,,,0.58546875,,90050.6666666667,-530.990924132783,-315.308038143508,887.929739024157,-1.63707293047608,-0.475701752249336,-1.63707293047608,-0.475701752249336,-82.5099229534684,39.2376719113243,-78.845736036427,7.4375627006642,12.1645109422326,1140.81277538712,,,,,,,,,
1980.75,1980-10-01,132.912856450157,,85.5666666666667,168693.666666667,66.987,74343.3333333333,36.3333333333333,13.2266666666667,2.38486692307692,89.7541975215754,7315.677,908.306,7.4,,,,-0.797213114754098,,90726.6666666667,-522.425839960824,-313.806486711411,889.777485872749,-0.0390591585844646,7.39098739436841,-0.0390591585844646,7.39098739436841,-81.9390443967698,44.0397899605358,-85.6560205647951,11.0591562365467,11.8123958586752,1141.56066024462,,,,,,,,,
1981,1981-01-01,131.642903358706,,87.9333333333334,169279,67.373,74783.3333333333,38,13.5833333333333,2.36926,90.1040816638344,7459.022,992.376,7.43333333333333,,,,-0.615901639344262,,91116,-513.920145253387,-312.212393485438,891.717958540785,1.58733609540835,7.76189067214403,1.58733609540835,7.76189067214403,-81.6953197526203,40.3514027509328,-83.8992791888719,10.9132609624481,10.6709247211855,1141.98886990012,,,,,,,,,
1981.25,1981-04-01,132.819524371435,,89.7666666666667,169837.333333333,67.425,75150.6666666667,37.3333333333333,14.7066666666667,2.40286769230769,92.4306827938813,7403.745,951.246,7.4,,,,-0.949206349206349,,91356.3333333333,-518.482369102828,-313.28551629444,890.97412322575,2.92545876353127,-2.97534126013801,2.92545876353127,-2.97534126013801,-81.5346128913537,39.1777535955619,-87.7327128522459,8.25390381373552,9.41597092834865,1142.25228898171,,,,,,,,,
1981.5,1981-07-01,125.729530930519,,92.2666666666667,170412.666666667,67.387,75442.3333333333,36,16.03,3.30372153846154,97.0631903256288,7492.405,1004.861,7.4,,,,-1.183125,,91547.6666666667,-513.337372304296,-312.433310574851,892.164511976442,4.23477295228576,4.7615550027686,4.23477295228576,4.7615550027686,-81.485437902678,30.9450084754564,-94.1163996619295,10.9876895703845,10.3035026457787,1142.46150627944,,,,,,,,,
1981.75,1981-10-01,122.147031068802,,93.7666666666667,170990.333333333,67.093,75075.3333333333,35.3333333333333,13.9033333333333,2.51284615384615,89.031931745979,7410.768,969.475,8.23333333333333,,,,0.171475409836066,,91148.6666666667,-517.260761581013,-313.867294702829,891.068935664419,1.29144979167037,-4.38230524809313,1.29144979167037,-4.38230524809313,-82.3114970826365,26.4416064962994,-97.5982621383744,6.45059670091861,9.1513627618717,1142.02471520971,,,,,,,,,
1982,1982-01-01,114.037258148193,,94.6,171497,65.964,74495.3333333333,31.2966666666667,14.5266666666667,1.97547923076923,114.703100179921,7295.631,877.772,8.83333333333333,,,,-0.234426229508197,0.798688524590164,90520.6666666667,-527.493417390501,-315.729009790648,889.503095481728,-2.21486305905643,-6.26336073076317,-2.21486305905643,-6.26336073076317,-83.3829290139096,18.686774480207,-110.614588045549,3.5392196920526,7.30785244427281,1141.33334645753,,,,,,,,,
1982.25,1982-04-01,114.013650803339,,95.9666666666667,172020,66.268,74031,34.8166666666667,14.15,2.44408692307692,118.601907975184,7328.912,877.104,9.43333333333333,,,,-0.217142857142857,0.890476190476191,90040.6666666667,-527.874045667512,-315.578367534681,889.958235275866,-1.01588794988388,1.82055917655219,-1.01588794988388,1.82055917655219,-84.3126824722277,17.2317276164686,-101.390470961556,5.73737315687488,6.67871978005765,1140.80166991099,,,,,,,,,
1982.5,1982-07-01,113.755312561989,,97.6333333333334,172521.666666667,65.795,73441.3333333333,34.58,12.6333333333333,3.16908153846154,113.525599771462,7300.896,869.067,9.9,,,,0.48265625,3.43875,89355.6666666667,-529.085788902238,-316.252575210018,889.575235933061,-2.58927604338162,-1.53199737122236,-2.58927604338162,-1.53199737122236,-85.4035930890904,15.2830795416551,-103.794348491043,6.88722248622327,5.65360300901734,1140.03799395801,,,,,,,,,
1982.75,1982-10-01,136.750626325607,,97.9333333333333,173046,65.182,72850,33.85,9.88333333333333,1.63772714285714,107.750017190819,7303.817,801.889,10.6666666666667,,,,0.787377049180328,2.49311475409836,88821.3333333333,-537.434253979184,-316.516036689319,889.615236719642,-1.45369894477732,0.160003146324073,-1.45369894477732,0.160003146324073,-86.5154922466258,33.3872046297503,-106.234797571338,1.22720396243565,4.3477548243966,1139.43821403674,,,,,,,,,
1983,1983-01-01,147.808094327412,,98,173505,65.578,72988.3333333333,29.6533333333333,9.54333333333333,0.15528,113.268841906762,7400.066,829.672,10.3666666666667,,,,1.0152380952381,2.15714285714286,88999,-534.293125443434,-315.471749832621,890.924419807141,1.4213243254126,5.23673234999649,1.4213243254126,5.23673234999649,-86.5906806390836,41.0947293752701,-119.539293683641,0.272201439561925,3.53100026127393,1139.63804126961,,,,,,,,,
1983.25,1983-04-01,162.863492451017,,99.1333333333333,173957.333333333,66.343,73671.3333333333,30.5366666666667,9.74666666666667,-0.135357692307692,102.191482304016,7568.456,903.148,10.1333333333333,,,,0.793968253968254,1.82380952380952,89676.3333333333,-526.067889929509,-313.482097478331,893.174436261632,3.21620098576592,9.00006581796546,3.21620098576592,9.00006581796546,-85.9196299157987,49.6446634949556,-117.753759799894,4.59930667494923,3.24648364079252,1140.39621707966,,,,,,,,,
1983.5,1983-07-01,165.390624284744,,100.1,174449.333333333,67.669,74581.3333333333,31.56,10.85,-0.106899285714286,94.3188915401493,7719.746,959.692,9.36666666666667,,,,0.7784375,2.11171875,90604.3333333333,-520.277722542275,-311.785288415012,895.153674092315,5.57843815925434,7.91695132273134,5.57843815925434,7.91695132273134,-84.9744093606284,50.2140409563474,-115.42791903435,3.88157638529165,2.49507211555962,1141.42573201735,,,,,,,,,
1983.75,1983-10-01,165.752221485925,,101.1,174950.333333333,68.939,75878,29.83,10.69,0.0386746153846154,92.7075920885701,7880.794,1053.054,8.53333333333333,,,,0.995666666666667,2.53283333333333,91875,-511.280761022992,-310.007346390314,897.218393919715,7.6031572000737,8.2588793096015,7.6031572000737,8.2588793096015,-83.537533680514,49.4383905579748,-122.059552749977,3.97617588210046,3.18231509547582,1142.81842365151,,,,,,,,,
1984,1984-01-01,160.363651578389,,102.533333333333,175678.666666667,70.258,77064.6666666667,30.1986666666667,10.9133333333333,-0.121373076923077,114.307035677271,8034.847,1154.826,7.86666666666667,,,,1.02983870967742,2.40870967741936,93086.3333333333,-502.470688546124,-308.486861142001,899.154323629772,8.22990382263154,7.74371884022784,8.22990382263154,7.74371884022784,-82.4011672499323,44.7256109681555,-122.239017566758,5.63112917478144,4.5220470292807,1144.12826569293,,,,,,,,,
1984.25,1984-04-01,155.742380293589,,103.5,176125.333333333,71.173,78021.3333333333,30.3683333333333,12.3566666666667,0.694068461538462,93.9366070594767,8173.67,1192.381,7.43333333333333,,,,0.847301587301587,3.02603174603175,94123,-499.52437143677,-307.027785039609,900.867329139832,7.69289287819976,6.85202204023838,7.69289287819976,6.85202204023838,-81.4213569244654,40.8631621091799,-122.617121387169,3.75346549681765,4.3105867347478,1145.23577165365,,,,,,,,,
1984.5,1984-07-01,160.483491685655,,104.4,176595.333333333,71.482,78838,29.1043333333333,12.5033333333333,0.73926,96.7689942650182,8252.465,1218.184,7.43333333333333,,,,0.36031746031746,2.12746031746032,95055,-497.649963755298,-306.334891915748,901.826722257931,6.67304816561565,3.83757247239487,6.67304816561565,3.83757247239487,-80.6465748625485,42.9961406290451,-127.734260055896,3.46322509724608,4.20599891273641,1146.22109504257,,,,,,,,,
1984.75,1984-10-01,165.189687490463,,105.3,177132.333333333,71.947,79617,27.4306666666667,10.81,-0.0303653846153846,109.293280870806,8320.199,1202.383,7.3,,,,0.921967213114754,2.59573770491803,95906,-499.259167821007,-305.821092636055,902.644145179845,5.42575126012945,3.26969168765672,5.42575126012945,3.26969168765672,-79.9669461289689,45.0281015606596,-134.515181019606,3.43349747655637,4.07032931135038,1147.11238240865,,,,,,,,,
1985,1985-01-01,177.098547904722,,106.266666666667,177522.333333333,72.522,80212.3333333333,27.05,10.27,-0.348315384615385,94.2744903732935,8400.82,1169.416,7.23333333333333,114.652,101.498111111111,120.18,1.3115,3.12183333333333,96572.3333333333,-502.259194370081,-305.076710246438,903.60845991146,4.45413628168723,3.85725892645894,4.45413628168723,3.85725892645894,-79.4419137336506,51.0754687211471,-136.826465295546,3.65529564320823,3.57637092845708,1147.80475747622,474.190145354775,,,462.004018856593,,,478.899061890578,,
1985.25,1985-04-01,184.737935384115,,107.233333333333,177946.333333333,73.017,80802.3333333333,27.857,9.39,-0.408087692307692,100.809888309697,8474.787,1189.334,7.3,112.169010989011,112.438571428571,112.064945054945,1.42190476190476,3.10301587301587,97269.6666666667,-500.808852011743,-304.438648649773,904.485079918946,3.61775077911375,3.50648002994447,3.61775077911375,3.50648002994447,-78.9476163707166,54.3931109732758,-134.792286428672,3.6221949315685,3.5435532871448,1148.52424689703,472.000676054606,-2.18946930016912,-248.298901098903,472.240704076882,10.236685220289,1094.04603174603,471.907856979945,-6.99120491063283,-811.505494505494
1985.5,1985-07-01,188.549682617188,,107.9,178413.333333333,73.222,81218.6666666667,27.791,8.89666666666667,-0.248166923076923,111.282194989367,8604.22,1181.226,7.2,105.096847826087,107.647282608696,99.6869565217391,1.43952380952381,2.9952380952381,97844.3333333333,-501.755007360958,-303.185017518753,906.000805956328,4.1740836983978,6.06290414953108,4.1740836983978,6.06290414953108,-78.6957849963096,55.8156668156906,-135.649264499013,2.47909067488692,3.29751968155501,1149.11330593776,465.488228529314,-6.5124475252917,-707.216316292404,467.885998065568,-4.35470601131369,-479.128881987575,460.203484114476,-11.7043728654695,-1237.79885332059
1985.75,1985-10-01,196.616718769074,,109,178940.666666667,73.589,81754.3333333333,29.193,8.53,-0.29648,94.1251511542284,8668.188,1224.763,7.03333333333333,101.642934782609,108.008260869565,91.2023913043478,1.23161290322581,2.36612903225806,98428.3333333333,-498.43069238648,-302.739450734628,906.741505139198,4.09735995935279,2.96279673147666,4.09735995935279,2.96279673147666,-78.3335464248005,58.9908361385427,-131.741892772118,4.05720398602192,3.45344630892139,1149.70839819729,462.146603232288,-3.34162529702642,-345.391304347822,468.220771373206,0.334773307637182,36.0978260869516,451.308111717895,-8.89537239658118,-848.456521739128
1986,1986-01-01,219.586064823338,20.77,109.566666666667,179825.333333333,73.483,82094.6666666667,17.0016666666667,7.77333333333333,-0.301359230769231,127.806687246259,8749.127,1224.404,7.03333333333333,112.321222222222,134.573666666667,103.558444444444,0.789333333333333,1.448,98837.6666666667,-498.953181441569,-302.303208544227,907.670920294559,4.06246038309934,3.71766062144516,4.06246038309934,3.71766062144516,-78.4112956486571,69.5211058531202,-186.322181353569,2.07412390916808,3.05815337541135,1150.12340526473,472.13628218264,9.98967895035232,1067.82874396135,490.211175666371,21.9904042931659,2656.54057971015,464.013613395597,12.705501677702,1235.60531400966
1986.25,1986-04-01,240.5334379673,20.17,109.033333333333,180320.666666667,73.284,82396.6666666667,13.92,6.98333333333333,-0.458249230769231,116.638604368521,8788.524,1203.028,7.16666666666667,121.149120879121,125.831098901099,126.047912087912,0.62015625,1.27703125,99174.6666666667,-500.989503554851,-302.128996790713,908.120205849066,3.63512593012079,1.79714221803025,3.63512593012079,1.79714221803025,-78.3191764392913,79.1205469212159,-205.832699096996,-1.95181845033403,1.66465002993572,1150.46378843148,479.702219077002,7.56593689436151,882.78986568987,483.494052278595,-6.71712338777635,-874.256776556787,483.666208933896,19.6525955382998,2248.94676434677
1986.5,1986-07-01,241.13484287262,20.33,109.7,180835.666666667,73.655,82835.3333333333,13.86,6.45,-0.552443076923077,125.005958243209,8872.601,1170.667,6.96666666666667,105.953913043478,104.399347826087,104.178152173913,0.85578125,1.62140625,99665,-504.00150280463,-301.462071092704,909.072326794417,3.0715208380883,3.80848378140115,3.0715208380883,3.80848378140115,-78.0733998442759,78.760692373415,-206.874237351943,2.43828856198256,1.65444950170963,1150.95698411569,466.300421695801,-13.4017973812007,-1519.52078356426,464.822342855246,-18.6717094233487,-2143.17510750119,464.610243529963,-19.0559654039335,-2186.9759913999
1986.75,1986-10-01,243.519844055176,20.3,110.466666666667,181365.333333333,74.209,83314.3333333333,15.3783333333333,6.27666666666667,-0.554818461538462,92.7096937526504,8920.193,1174.171,6.83333333333333,99.1248913043478,82.3729347826087,109.120217391304,0.988225806451613,1.76193548387097,100312.666666667,-503.995104653051,-301.219583007782,909.607286211128,2.86578107193076,2.13983766684649,2.86578107193076,2.13983766684649,-77.789281000878,79.0484617970872,-197.175422396194,2.78577961726718,1.33659340952095,1151.60472537797,459.638058340306,-6.66236335549435,-682.902173913048,441.125692158407,-23.69665069684,-2202.64130434782,469.245018631553,4.63477510159027,494.206521739135
1987,1987-01-01,279.465324155746,22.02,111.8,182001.333333333,75.133,83872,18.229,6.35,-0.437571538461538,95.4863261576002,8986.367,1205.858,6.6,96.2828888888888,87.5095555555556,102.598222222222,0.844262295081967,1.49573770491803,100920.333333333,-501.682266629502,-300.83053619346,910.346393010482,2.67547271592363,2.95642719741664,2.67547271592363,2.95642719741664,-77.4722185916291,91.6166660334115,-181.369782817021,4.79909775865828,2.0178368718935,1152.20867056958,456.729061754251,-2.9089965860555,-284.200241545898,447.17479937502,6.04910721661316,513.662077294688,463.082060531776,-6.16295809977707,-652.199516908216
1987.25,1987-04-01,293.468570769779,24.64,113.066666666667,182526.666666667,75.564,84594,19.364,7.45,0.398757692307692,91.2300862401005,9083.256,1206.486,6.26666666666667,106.002087912088,96.6974725274725,108.259120879121,0.892698412698413,2.50365079365079,101709,-501.918427886676,-300.046356242627,911.418799762557,3.29859391349068,4.28962700829842,3.29859391349068,4.28962700829842,-76.9032938958428,95.3792934024889,-176.456194317219,4.50642181145575,3.63239693734094,1152.98710736964,466.345879120193,9.61681736594171,971.919902319912,457.158726486299,9.98392711127885,918.791697191692,468.452762087697,5.37070155592128,566.089865689867
1987.5,1987-07-01,319.223748683929,20.51,114.266666666667,183016,76.09,85282.3333333333,20.385,7.84333333333333,0.157499230769231,64.6830529123484,9162.024,1206.662,6,110.586630434783,95.8465217391305,126.752934782609,1.0296875,2.63078125,102438,-502.171571095471,-299.450646573697,912.282239395865,3.20991260144794,3.4537585332302,3.20991260144794,3.4537585332302,-76.3606259819718,102.735736539143,-172.37355617843,4.22291312235075,4.07855307743299,1153.70130164993,470.579919963658,4.23404084346499,458.454252269468,456.274818024824,-0.883908461474992,-85.0950788342033,484.223979630666,15.7712175429689,1849.38139034878
1987.75,1987-10-01,255.700156927109,49.81,115.333333333333,183467,76.876,86085.3333333333,18.6696666666667,7.98333333333333,0.979137692307692,167.47859040964,9319.332,1288.881,5.83333333333333,104.235869565217,86.9926086956522,116.494891304348,1.13903225806452,3.05822580645161,103390.333333333,-495.826041474213,-297.994386250077,913.98462312912,4.37733691799203,6.80953493302283,4.37733691799203,6.80953493302283,-75.6695762447025,79.6179009623055,-182.092638295002,3.71663533363993,4.31126700652618,1154.6266748614,464.665630775311,-5.91428918834707,-635.076086956526,446.582315752425,-9.69250227239851,-885.391304347827,475.784742057943,-8.43923757272362,-1025.80434782609
1988,1988-01-01,258.476985144237,33.79,116.233333333333,183967.333333333,76.947,86751.6666666667,16.714,7.36,0.302253846153846,109.086458539827,9367.502,1227.008,5.7,95.7475824175825,88.020989010989,97.1906593406594,1.05935483870968,2.50854838709677,104152,-501.017951994076,-297.751174042586,914.500174417196,4.15378140671319,2.06220515230129,4.15378140671319,2.06220515230129,-75.1708574677395,79.920699264734,-193.935297343425,3.10927144955251,3.88881042924973,1155.36066495772,456.171537883946,-8.49409289136425,-848.828714763489,447.757529752738,1.17521400031251,102.838031533682,457.667460953043,-18.1172811048995,-1930.42319636885
1988.25,1988-04-01,263.268730526879,26.13,117.566666666667,184389.333333333,78.029,87524,17.281,7.87333333333333,0.237599230769231,95.0900634554244,9490.594,1256.243,5.46666666666667,104.003296703297,104.242197802198,99.9828571428571,1.03555555555556,2.5031746031746,105006.666666667,-498.892394351505,-296.674826132013,915.805648184748,4.38684842219104,5.22189507020983,4.38684842219104,5.22189507020983,-74.5136422717068,80.6169751008323,-191.739791650204,4.56235342416029,3.90279333242587,1156.17791191876,464.442259770913,8.27072188696647,825.571428571423,464.671701665225,16.9141719124871,1622.12087912088,460.499874272111,2.8324133190675,279.219780219776
1988.5,1988-07-01,266.782342433929,22.29,119,184840.333333333,78.239,88188.3333333333,15.163,8.45666666666667,0.362965714285714,87.0274624343722,9546.206,1263.222,5.46666666666667,83.8540217391304,92.1256521739131,75.0080434782609,0.6384375,1.8553125,105745.666666667,-498.582678946814,-296.334859129179,916.389907705226,4.10766830936105,2.33703808191024,4.10766830936105,2.33703808191024,-74.0017710230562,80.7309635958388,-206.026524329273,4.84717781505317,4.05885950560148,1156.87921189216,442.90774506149,-21.5345147094231,-2014.92749641663,452.315342971281,-12.3563586939438,-1211.65456282847,431.759535416264,-28.7403388558466,-2497.48136645963
1988.75,1988-10-01,274.978254045759,19.96,120.3,185253.333333333,79.117,88879.6666666667,14.6803333333333,8.70333333333333,0.166912307692308,92.7719652879218,9673.405,1282.499,5.33333333333333,79.6861956521739,83.0570652173913,71.2103260869565,0.247868852459016,0.95983606557377,106597,-497.291373938113,-295.234389027236,917.713564642629,3.72894151350884,5.29462774961402,3.72894151350884,5.29462774961402,-73.4440862767211,82.6703395362011,-210.347989342172,4.34605194764153,4.21621365910188,1157.68106477288,437.809636693234,-5.09810836825588,-416.782608695654,441.95279042939,-10.3625525418912,-906.858695652171,426.563783721338,-5.19575169492574,-379.771739130436
1989,1989-01-01,290.638549312469,17.85,121.666666666667,185772.666666667,79.91,89600.3333333333,18.418,9.41,0.379059230769231,70.4334318415872,9771.725,1326.029,5.2,93.0653333333333,92.7307777777778,89.4405555555556,-0.20672131147541,0.355901639344262,107403,-494.233494215715,-294.503069259788,918.72482903525,4.22465461805466,4.04505757048455,4.22465461805466,4.04505757048455,-72.9164663756184,87.0795331630715,-188.795661761521,4.51857677349921,4.56853999008855,1158.43433936277,453.330175546992,15.5205388537578,1337.91376811595,452.970043232983,11.0172528035935,967.371256038645,449.357422087627,22.7936383662884,1823.0229468599
1989.25,1989-04-01,313.648280143738,17.02,123.633333333333,186178,80.219,90034.3333333333,20.359,8.96,0.454686923076923,90.6396638063213,9846.293,1313.202,5.23333333333333,96.4071428571429,81.7852747252747,101.51032967033,-0.18515625,0.05484375,107910.333333333,-495.423477569684,-293.960816616753,919.485031815285,3.67938363053693,3.0408111201389,3.67938363053693,3.0408111201389,-72.6512126272054,93.0952035339014,-180.37971212649,6.41405236522168,5.0314647253539,1158.90559143469,456.858029489998,3.52785394300614,334.18095238095,440.409721182051,-12.5603220509317,-1094.55030525031,462.016056345464,12.6586342578376,1206.97741147741
1989.5,1989-07-01,342.176191541884,18.04,124.6,186602.333333333,80.403,90212.3333333333,19.2533333333333,8.08,0.257207692307692,78.6871262777782,9919.228,1301.412,5.23333333333333,96.8159782608696,98.2798913043478,96.5134782608696,0.0215873015873016,-0.00587301587301588,108186,-496.552996392561,-293.450469711314,920.223037466994,3.83312976176828,2.95202260683567,3.83312976176828,2.95202260683567,-72.6813641893982,101.021717799665,-186.742440043689,3.11536421036678,4.5985113241823,1159.16072470044,457.281204533926,0.423175043928392,40.8835403726741,458.7819441673,18.3722229852487,1649.46165790731,456.968266968894,-5.04778937657084,-499.685140946011
1989.75,1989-10-01,345.377459329272,20.37,125.866666666667,187017.666666667,80.407,90633,20.333,7.85333333333333,0.169900769230769,95.0979042542065,9938.767,1291.758,5.36666666666667,92.7617391304348,102.226956521739,82.009347826087,0.0553225806451613,-0.000967741935483892,108688,-497.519900523067,-293.476011783672,920.41982476909,2.70626012646087,0.787149208384363,2.70626012646087,0.787149208384363,-72.4384701404659,100.941475836569,-182.297796367503,4.04581569995344,4.52345226226028,1159.62366714311,453.00342609226,-4.27777844166588,-405.423913043481,462.719540543404,3.93759637610378,394.706521739136,440.68332386461,-16.2849431042837,-1450.41304347826
1990,1990-01-01,336.574763222346,22.1746031746032,128.033333333333,188519.666666667,80.657,91216.6666666667,21.7223333333333,8.36333333333333,0.0505461538461538,102.409722997016,10047.386,1304.586,5.3,78.3434444444445,70.9834444444445,77.6482222222222,0.0590322580645161,0.39741935483871,109424,-497.331658483132,-293.188983272412,921.506778015299,2.78194898004891,4.34781298483671,2.78194898004891,4.34781298483671,-72.5964704973157,96.6529656689795,-177.394972951812,6.82700043220521,5.10055817693678,1160.29855233379,436.110229516038,-16.8931965762218,-1441.82946859903,426.244667301256,-36.4748732421479,-3124.35120772947,435.218865457694,-5.46445840691607,-436.112560386474
1990.25,1990-04-01,349.796507820251,18.7220634920635,129.3,188916.333333333,80.31,91273.3333333333,17.8966666666667,8.57,-0.000443846153846158,95.5668159299197,10083.855,1304.993,5.33333333333333,85.2016483516483,69.5865934065934,92.2897802197802,0.103015873015873,0.663333333333333,109784,-497.510655949597,-293.036860626387,921.869090898983,2.3840590836981,1.44925153473565,2.3840590836981,1.44925153473565,-72.7445568734067,99.5216293395651,-197.752081001144,3.93785563762492,4.48150899503759,1160.62700779495,444.502078049845,8.39184853380708,685.820390720387,424.257192531761,-1.98747476949537,-139.685103785105,452.493341186583,17.2744757288895,1464.1557997558
1990.5,1990-07-01,335.881745353578,25.1955555555556,131.533333333333,189352.666666667,79.893,91163.3333333333,26.4996666666667,8.1,0.0801746153846154,130.513768077186,10090.569,1279.695,5.7,176.641304347826,107.521847826087,234.382934782609,0.602539682539683,0.975873015873016,109648,-499.698946922792,-293.201001227264,921.935650422545,1.71261295555087,0.266238094246773,1.71261295555087,0.266238094246773,-73.0958468061771,93.7498844741994,-160.212815062369,6.85000765703734,5.41516985670523,1160.50305138256,517.412114727697,72.9100366778514,9143.96559961778,467.769406250967,43.5122137192064,3793.52544194935,545.695625122407,93.2022839358237,14209.3154562828
1990.75,1990-10-01,316.562033176422,26.11328125,133.766666666667,189866.333333333,79.553,90802,31.853,7.59666666666667,0.458306923076923,141.394794537672,9998.704,1208.107,6.13333333333333,152.322173913043,108.545217391304,189.914782608696,0.800161290322581,1.18661290322581,109255.666666667,-505.726564406121,-294.38648312149,921.021076357738,0.601251588647678,-3.65829625922842,0.601251588647678,-3.65829625922842,-73.763900401375,86.1422231172347,-143.496541949957,6.7346734737427,6.08738430015254,1160.14459804151,502.599784295436,-14.8123304322605,-2431.91304347827,468.716683631456,0.947277380489098,102.336956521741,524.657545896282,-21.038079226125,-4446.8152173913
1991,1991-01-01,352.282950979764,22.5158333333333,134.766666666667,190271.666666667,78.776,90305.6666666667,21.7806666666667,7.03333333333333,0.177106153846154,139.48869745992,9951.916,1167.908,6.6,270.630555555555,347.779,238.731,0.987166666666667,1.8115,108787,-509.323876131563,-295.068778004935,920.552037442887,-0.954740572412227,-1.87615565940291,-0.954740572412227,-1.87615565940291,-74.5252663258397,96.0889802725432,-182.252216182073,2.97915974954144,5.1254241294866,1159.71471209709,560.07546271578,57.4756784203434,11830.8381642512,585.15672205688,116.440038425424,23923.3782608696,547.533739504226,22.876193607944,4881.62173913043
1991.25,1991-04-01,378.665936946869,17.14703125,135.566666666667,190655.666666667,78.282,89796.3333333333,20.7526666666667,6.89666666666667,-0.239215384615385,87.0271671356354,10029.51,1167.904,6.83333333333333,91.1567032967034,80.1686813186813,97.302967032967,1.23140625,2.38921875,108311,-509.525831949245,-294.493726139894,921.328702632293,-0.540388266689895,3.10666075762498,-0.540388266689895,3.10666075762498,-75.2924865742561,102.719085928913,-187.678877176936,2.36745450658162,4.73282384672578,1159.2761997545,451.258003979972,-108.817458735808,-17947.3852258852,438.413293135629,-146.743428921251,-26761.0318681319,457.782948238549,-89.7507912656773,-14142.8032967033
1991.5,1991-07-01,385.559842586517,16.63421875,136.6,191121.333333333,78.19,89738.6666666667,21.655,6.51,-0.477993076923077,102.355178370983,10080.195,1191.028,6.86666666666667,112.848260869565,81.7957608695652,140.502717391304,1.42890625,2.4040625,108308,-507.809167966035,-294.233587171872,921.832788667634,-0.102861754911032,2.01634414136223,-0.102861754911032,2.01634414136223,-75.6006736712627,103.763946750666,-184.18205724701,3.03736915664814,3.77966422162848,1159.27342991436,472.604409215291,21.3464052353185,2169.15575728619,440.422541915539,2.00924877990936,162.707955088392,494.522682945015,36.7397347064659,4319.97503583374
1991.75,1991-10-01,387.116094112396,17.4553125,137.733333333333,191650.666666667,78.055,89710,21.7366666666667,5.5,-0.616255384615385,139.914768249133,10115.329,1233.261,7.1,100.551195652174,70.5604347826087,125.295543478261,1.84129032258065,2.66532258064516,108330.333333333,-504.601238977035,-294.162227434156,922.180727502445,1.15965114470686,1.39175533924316,1.15965114470686,1.39175533924316,-75.9092024812675,103.340518425252,-184.631890584037,3.30500057627354,2.92224599726119,1159.29404799526,461.066700726854,-11.5377084884367,-1229.70652173914,425.64695735646,-14.7755845590792,-1123.53260869565,483.067529445595,-11.4551534994197,-1520.71739130435
1992,1992-01-01,411.971903967479,17.5642857142857,138.666666666667,192074.666666667,77.596,89651,18.9103333333333,5.28666666666667,-0.66879,122.596737893061,10236.435,1210.478,7.36666666666667,90.3101098901099,62.2634065934066,108.557142857143,2.01306451612903,3.30483870967742,108348.333333333,-506.68688623963,-293.193077085525,923.370869344587,2.81883190170014,4.76056736857018,2.81883190170014,4.76056736857018,-76.1959830840372,108.888218117735,-199.236446172049,2.70140920631192,2.85280836145381,1159.31066245973,450.324941307195,-10.7417594196584,-1024.1085762064,413.137387911904,-12.5095694445558,-829.702818920207,468.727669662043,-14.3398597835522,-1673.8400621118
1992.25,1992-04-01,410.06158883231,15.6163492063492,139.733333333333,192506.666666667,77.912,89872.3333333333,21.186,5.20666666666667,-0.823414615384615,96.9427325980399,10347.429,1278.935,7.6,85.6317582417582,61.3121978021978,101.377912087912,2.17285714285714,3.60793650793651,108623.666666667,-501.410308481139,-292.339270210635,924.449336203858,3.120633571565,4.31386743708444,3.120633571565,4.31386743708444,-76.1740640400902,107.657152074241,-188.639525816442,3.06514909822759,3.0272320093653,1159.56445878472,445.005622183861,-5.3193191233345,-467.835164835169,411.597880850117,-1.53950706178696,-95.1208791208785,461.885523792102,-6.84214586994063,-717.923076923079
1992.5,1992-07-01,417.119062423706,13.90203125,140.8,193024.333333333,78.031,90043.6666666667,21.6703333333333,4.14666666666667,-0.908939230769231,127.821180833354,10449.673,1289.101,7.63333333333333,77.6035869565218,56.9551086956522,91.1670652173913,2.46796875,3.46765625,108886.666666667,-500.887118420323,-291.624557434967,925.432596503733,3.59980783609899,3.93304119949818,3.59980783609899,3.93304119949818,-76.2521522553687,108.603125872116,-187.13962460451,3.04183975408812,3.02834965872529,1159.8062864939,435.161364978741,-9.84425720511988,-802.817128523648,404.226339079799,-7.37154177031778,-435.708910654565,451.269370485594,-10.6161533065081,-1021.08468705208
1992.75,1992-10-01,423.687655925751,14.76109375,142.033333333333,193615.666666667,78.546,90458.6666666667,20.479,4.44333333333333,-0.75417,119.092133728202,10558.648,1328.433,7.36666666666667,81.6132608695653,63.5557608695652,93.7995652173913,2.29564516129032,3.59661290322581,109307.666666667,-498.187504230643,-290.892985465491,926.470051876064,4.28932437361969,4.14982148932594,4.28932437361969,4.14982148932594,-76.0982069972038,109.293475137401,-193.666180098358,3.48853124552555,3.0742323260383,1160.19218150411,440.199175942307,5.03781096356617,400.967391304349,415.191764450355,10.9654253705558,660.065217391303,454.116022079239,2.84665159364499,263.250000000002
1993,1993-01-01,442.750320926789,13.2553225806452,143.066666666667,194106,79.231,91044,19.825,4.14666666666667,-0.959569230769231,100.079304177017,10576.275,1359.751,7.13333333333333,104.262222222222,87.269,116.172444444444,2.12508196721311,3.23295081967213,109947.333333333,-496.110280684831,-290.979111655772,926.63685640227,3.26598705768326,0.667218104824485,3.26598705768326,0.667218104824485,-75.7061495454346,112.969527942301,-197.636695456752,2.89958010027078,3.12377504952801,1160.77567422403,464.690909334859,24.4917333925521,2264.8961352657,446.899530241815,31.7077657914604,2371.32391304348,475.507567726358,21.3915456471196,2237.28792270531
1993.25,1993-04-01,445.505872453962,12.9731746031746,144.1,194555.333333333,80.135,91585,19.76,3.99333333333333,-0.998811538461539,114.61231896042,10637.847,1367.575,7.06666666666667,109.733076923077,76.0948351648352,134.876043956044,1.99238095238095,2.95285714285714,110537.666666667,-495.767751432749,-290.629849893053,927.217339279613,2.7680030757546,2.32193150936979,2.7680030757546,2.32193150936979,-75.3449109932345,112.870292553335,-198.684781068575,2.87871236681703,3.07716586667537,1161.31116166668,469.80508434651,5.11417501165035,547.085470085469,433.198039350839,-13.7014908909762,-1117.41648351649,490.435616372291,14.928048645932,1870.35995115995
1993.5,1993-07-01,453.558748245239,12.1171875,144.766666666667,195068,80.602,92191.3333333333,17.7963333333333,3.97333333333333,-1.08317384615385,112.702153151003,10688.606,1358.287,6.8,103.2025,92.7214130434783,108.35902173913,1.64140625,2.545,111234.333333333,-496.7123868711,-290.416990143574,927.693359327089,2.26076282335619,1.90408018990453,2.26076282335619,1.90408018990453,-74.9482088133954,114.200155438335,-209.613080730336,1.84629914687626,2.77828071487241,1161.93943661418,463.669307756025,-6.13577659048481,-653.057692307692,452.959943881483,19.7619045306444,1662.65778786431,468.544998929806,-21.8906174424849,-2651.70222169135
1993.75,1993-10-01,464.271874427796,12.4215625,145.966666666667,195621,81.375,92942.3333333333,16.4513333333333,4.08,-0.983471428571429,81.7840056875281,10833.987,1429.661,6.63333333333333,90.4798913043478,57.5669565217392,111.011195652174,1.53096774193548,2.48306451612903,112015.333333333,-491.874176057013,-289.34909764922,929.044341629097,2.57428975303231,5.40392920803043,2.57428975303231,5.40392920803043,-74.419988465631,115.709203176018,-218.297175751446,3.30201370663055,2.73165133014865,1162.63910456685,450.512763048473,-13.1565447075521,-1272.26086956522,405.294873159181,-47.6650707223024,-3515.44565217391,470.963105795743,2.41810686593729,265.217391304346
1994,1994-01-01,469.213492257255,13.4361904761905,146.7,196085.333333333,81.886,93713.6666666667,14.8133333333333,4.53666666666667,-0.947805,87.2217763190893,10939.116,1484.116,6.56666666666667,98.4545555555556,74.6343333333333,113.027111111111,1.53064516129032,2.75548387096774,112876,-488.373062982615,-288.620494929094,930.010026832355,3.373170430085,3.86274081303526,3.373170430085,3.86274081303526,-73.830590445645,116.266818709344,-229.286200904562,2.00456000387703,2.50789630605022,1163.40451500377,458.959507679829,8.44674463135577,797.466425120776,431.26006336856,25.9651902093794,1706.73768115942,472.762771127309,1.79966533156577,201.591545893727
1994.25,1994-04-01,451.168549076204,14.5125806451613,147.533333333333,196522,83.211,94663,17.7766666666667,5.81666666666667,-0.736527692307692,96.1090754196415,11087.361,1557.107,6.2,107.044725274725,75.6534065934066,128.516153846154,1.26274193548387,2.97774193548387,113916.666666667,-483.794477193816,-287.496857341312,931.356108989889,4.13876971027616,5.38432863013441,4.13876971027616,5.38432863013441,-73.0451167981263,111.778685374389,-211.616740300444,2.26578151996151,2.35466359433634,1164.32224659181,467.324674034881,8.36516635505227,859.016971916974,432.616247019746,1.35618365118519,101.907326007324,485.605460729934,12.8426896026251,1548.90427350427
1994.5,1994-07-01,461.120780944824,12.51625,148.9,197050,84.19,95604.6666666667,18.4966666666667,6.23333333333333,-0.768273571428571,83.2409456379285,11152.176,1531.67,6,100.097173913043,66.9507608695652,123.488152173913,1.09484375,2.71890625,114919.333333333,-485.709886022528,-287.182286782485,931.93899147983,4.2456321527407,2.33152995976269,4.2456321527407,2.33152995976269,-72.3235870270165,113.038506670239,-208.568440402026,3.68832029644963,2.81516888172968,1165.19857119394,460.61414532857,-6.71052870631099,-694.755136168185,420.395743681592,-12.2205033381533,-870.264572384137,481.614521765162,-3.99093896477165,-502.800167224085
1994.75,1994-10-01,460.0052378821,15.2687301587302,149.766666666667,197600.666666667,84.539,96466.3333333333,17.6566666666667,7.15666666666667,-0.532404615384615,83.7122303595518,11279.932,1594.684,5.63333333333333,95.4413043478261,75.5731521739131,111.904456521739,0.674590163934426,2.39327868852459,115832.666666667,-481.957256164087,-286.322294144429,933.078049666508,4.0337080374119,4.55623274671524,4.0337080374119,4.55623274671524,-71.7054089028953,112.215934871052,-213.796510051968,2.32143508721663,2.5700242268762,1165.99018999066,455.851144437509,-4.76300089106108,-465.586956521737,432.510109013721,12.1143653321288,862.239130434789,471.764544045639,-9.84997771952338,-1158.36956521739
1995,1995-01-01,480.465715680804,11.992380952381,150.866666666667,197882,84.949,97292,18.3566666666667,7.13333333333333,-0.570639230769231,103.136038942578,11319.951,1611.428,5.46666666666667,80.7468888888889,76.8913333333333,79.694,0.356774193548387,1.55483870967742,116702.333333333,-481.055015103946,-286.110414930031,933.43220231259,3.42217548023438,1.41661058432518,3.42217548023438,1.41661058432518,-70.9954127570689,115.835942999271,-210.640362992505,2.92716684932906,2.80067593823921,1166.73818123621,439.131943366878,-16.719201070631,-1469.44154589372,434.239316968361,1.72920795464027,131.818115942025,437.819430065366,-33.9451139802729,-3221.04565217391
1995.25,1995-04-01,524.44285656157,12.1903174603175,152.1,198295.666666667,84.827,97702,19.3433333333333,6.15333333333333,-0.690260769230769,69.7068682248076,11353.721,1577.96,5.66666666666667,97.3696703296703,87.8347252747253,104.392747252747,0.468412698412698,0.828253968253968,117134.333333333,-483.362630931487,-286.021365126596,933.730081059099,2.37397206920971,1.19151498603571,2.37397206920971,1.19151498603571,-70.7837153206532,123.779827423078,-206.219036973084,3.25670189356764,3.04840603164074,1167.107670331,457.851476923645,18.7195335567674,1662.27814407814,447.545692671782,13.3063757034203,1094.3391941392,464.816020227621,26.9965901622551,2469.87472527473
1995.5,1995-07-01,564.796346997458,12.4726984126984,152.866666666667,198807,85.801,98201.6666666667,17.8533333333333,5.85666666666667,-0.702492307692308,69.3072894389067,11450.31,1568.555,5.66666666666667,97.0025,92.0628260869566,103.595326086957,0.467619047619048,0.796666666666667,117633.666666667,-484.21796914873,-285.431770100062,934.577208285169,2.63821680533969,3.38850890428262,2.63821680533969,3.38850890428262,-70.5311317488134,130.689913662172,-214.737584960083,2.01115299617918,2.62911420657312,1167.53305546552,457.473675136714,-0.377801786931542,-36.717032967033,452.247123623376,4.70143095159399,422.810081223125,464.04922138169,-0.766798845930428,-79.742116579078
1995.75,1995-10-01,597.171428377666,12.8996825396825,153.7,199351.666666667,86.02,98707.6666666667,18.1566666666667,5.5,-0.738936923076923,90.5920848335353,11528.067,1607.513,5.56666666666667,69.9367391304348,64.7078260869565,70.7816304347826,0.395483870967742,0.477741935483871,118172,-482.03821701087,-285.02857636809,935.253994959862,2.1759452933539,2.70714669877208,2.1759452933539,2.70714669877208,-70.2907814413959,135.72015713398,-213.596484781708,2.17462751554223,2.59241231365452,1167.98964692592,424.759110673411,-32.7145644633031,-2706.57608695652,416.988215380476,-35.2589082428995,-2735.5,425.959950989901,-38.0892703917894,-3281.36956521739
1996,1996-01-01,636.454764229911,15.398253968254,155.066666666667,199776,86.186,99193,19.77,5.26666666666667,-0.789621538461539,86.743356286393,11614.418,1633.332,5.53333333333333,91.7704395604395,90.3615384615385,91.0919780219781,0.640322580645161,0.837903225806452,118682,-480.657463875773,-284.494948153185,936.000253632962,2.56805132037261,2.98503469240004,2.56805132037261,2.98503469240004,-70.0129291594428,141.205821394312,-205.968949479387,3.54099257273965,2.74586874450717,1168.42029263019,451.929023662483,27.1699129890724,2183.37004300048,450.38187173683,33.3936563563543,2565.3712374582,451.18697435498,25.2270233650792,2031.03475871954
1996.25,1996-04-01,658.85206046937,16.368253968254,156.4,200279.333333333,86.993,99950.6666666667,21.7566666666667,6.12,-0.708656153846154,71.7445355553716,11808.14,1711.813,5.5,84.9123076923077,88.0565934065933,78.9871428571429,0.60328125,1.55875,119474.666666667,-476.216001600134,-283.092393462662,937.654440313853,3.92435925475443,6.61674672356298,3.92435925475443,6.61674672356298,-69.5036327857181,143.808219024766,-197.249660413219,3.42467845392456,2.7878628845964,1169.08596334585,444.161904974003,-7.76711868847979,-685.813186813185,447.797971466669,-2.58390027016118,-230.494505494514,436.928509057826,-14.2584652971539,-1210.48351648352
1996.5,1996-07-01,660.09797000885,16.7784375,157.3,200849.666666667,87.716,100666.333333333,22.4233333333333,6.17666666666667,-0.733312307692308,79.1072858453837,11914.063,1789.565,5.26666666666667,94.8392391304348,98.5053260869566,93.435652173913,0.6,1.53421875,120205.666666667,-472.058412763107,-282.48372341015,938.547474607124,3.97026632195505,3.57213717308511,3.97026632195505,3.57213717308511,-69.0745283747605,143.423345334755,-194.805272669483,2.2951927812084,2.85887283085371,1169.69594436215,455.218323849985,11.0564188759817,992.693143812708,459.011061866501,11.2130903998314,1044.87326803632,453.727298732431,16.7987896746049,1444.85093167702
1996.75,1996-10-01,725.860781669617,17.20625,158.666666666667,201457.333333333,88.705,101355,24.6666666666667,5.79666666666667,-0.760825384615385,65.7382620080253,12037.775,1787.19,5.33333333333333,67.9201086956522,60.9141304347826,69.9946739130435,0.550483870967742,1.24483870967742,120918.333333333,-472.493305974907,-281.752799158307,939.580490112061,4.3264951521989,4.13206201974745,4.3264951521989,4.13206201974745,-68.6948408049297,152.055267008738,-186.135276102725,3.46030219963147,3.18029150187602,1170.28706655809,421.833214235005,-33.3851096149801,-2691.91304347826,410.946517464551,-48.0645444019499,-3759.11956521739,424.841915219808,-28.8853835126234,-2344.09782608696
1997,1997-01-01,784.740657618788,19.9165,159.633333333333,202395.666666667,89.468,102074.333333333,22.79,6.04333333333333,-0.71948,79.3281164532046,12115.472,1823.255,5.23333333333333,53.8845555555556,52.8697777777778,54.1885555555556,0.522333333333333,1.36916666666667,121674,-470.960116220032,-281.57412139579,940.223859245869,4.22360561290649,2.57347653523041,4.22360561290649,2.57347653523041,-68.4523221395536,159.247377205681,-194.655767542286,2.42958124685728,2.90243867040543,1170.91006160527,398.684389799688,-23.1488244353165,-1403.55531400966,396.783186705672,-14.163330758879,-804.435265700484,399.246973403833,-25.5949418159744,-1580.61183574879
1997.25,1997-04-01,823.489846229553,19.92296875,160,202835.333333333,89.905,102933.333333333,19.9066666666667,6.27333333333333,-0.643956923076923,77.1506612429754,12317.221,1935.157,5,51.8907692307692,50.0234065934066,50.798021978022,0.42375,1.5071875,122554.666666667,-465.220602388188,-280.139611954388,941.875364346136,4.22092403228316,6.60602040106966,4.22092403228316,6.60602040106966,-67.8312954540592,163.83774042891,-208.411913123095,0.917718621349195,2.27569871226159,1171.63124679266,394.914091752819,-3.77029804686955,-199.378632478633,391.249102775674,-5.53408392999772,-284.637118437117,392.785741638584,-6.46123176524922,-339.05335775336
1997.5,1997-07-01,929.944374084473,22.445,160.8,203366.666666667,90.449,103597.666666667,19.7833333333333,5.90333333333333,-0.650788461538462,63.3451762442716,12471.01,1962.053,4.86666666666667,46.1978260869565,44.6216304347826,44.7285869565217,0.3384375,1.05578125,123258.333333333,-464.101921545959,-279.160383869109,943.116202978074,4.56872837094977,4.96335452775156,4.56872837094977,4.96335452775156,-67.4495782440473,175.496341480118,-209.53215243573,1.99501660441577,2.20065466806343,1172.20377028715,383.293274258572,-11.6208174942466,-569.294314381268,379.821872878464,-11.42722989721,-540.1776158624,380.061282643653,-12.7244589949314,-606.943502150022
1997.75,1997-10-01,951.379063606262,27.092380952381,161.666666666667,203935.333333333,90.871,104478,19.9166666666667,5.73333333333333,-0.516756153846154,94.2039636446579,12577.495,1990.86,4.66666666666667,51.1421739130435,34.9332608695652,61.4055434782609,0.171774193548387,0.676612903225807,124233,-462.923624394128,-278.589384427914,943.966438483011,4.38594837095003,3.4009420197485,4.38594837095003,3.4009420197485,-66.8826427201815,177.237597560719,-209.397970012586,2.15009820980292,1.87310367060629,1172.99141136725,393.460947801399,10.1676735428264,494.434782608695,355.343940887217,-24.4779319912467,-968.83695652174,411.750011573991,31.6887289303383,1667.69565217391
1998,1998-01-01,1023.09000484279,21.3245901639344,162,204395,91.43,105213.333333333,15.93,5.44666666666667,-0.609929230769231,97.4836146219956,12703.742,2078.205,4.63333333333333,62.1794444444445,44.9521111111111,74.3823333333333,0.141311475409836,0.402295081967213,124996,-458.85498558291,-277.81578004565,944.965187471646,4.74132822577751,3.99499595454031,4.74132822577751,3.99499595454031,-66.4064361206099,184.298640812262,-231.939221131043,0.823893185204128,1.471681655193,1173.60370157724,413.002446995648,19.5414991942493,1103.7270531401,380.55977255792,25.2158316707029,1001.88502415459,430.921845844496,19.1718342705054,1297.67898550725
1998.25,1998-04-01,1109.66713944692,21.5342857142857,162.533333333333,204905,91.91,105932.666666667,14.6533333333333,5.55666666666667,-0.590367692307692,78.4907193380081,12821.339,2065.336,4.4,73.4865934065934,43.7425274725275,93.4842857142858,0.0349206349206349,0.477619047619048,125789.333333333,-459.725353205325,-277.143556487827,945.886617119839,4.01125277370227,3.68571859276869,4.01125277370227,3.68571859276869,-65.9742784946018,192.093226602392,-240.62152680717,1.31470948264933,1.57092937051804,1174.23638289805,429.710298695003,16.7078516993548,1130.7148962149,377.832079758759,-2.72769279916099,-120.958363858363,453.779335494287,22.8574896497908,1910.19523809524
1998.5,1998-07-01,1085.08077907562,29.75171875,163.366666666667,205482.666666667,92.047,106542.333333333,14.13,5.13333333333333,-0.38163,133.640940942545,12982.752,2118.989,4.53333333333333,70.8376086956522,72.1998913043478,71.5721739130435,0.07125,0.24703125,126500.333333333,-457.442259511323,-276.173997596484,947.137698627532,4.02149564945802,5.00432603077456,4.02149564945802,5.00432603077456,-65.6819281001552,189.341255071679,-244.769696655096,2.04562172335407,1.58358065025261,1174.80002221924,426.039005593115,-3.67129310188714,-264.898471094121,427.94385404177,50.1117742830108,2845.73638318203,427.070636593003,-26.7086989012846,-2191.21118012422
1998.75,1998-10-01,1121.6270275116,29.5371875,164.133333333333,206097.666666667,93.178,107214,12.84,4.38,-0.0758423076923077,123.140987866927,13191.67,2183.382,4.43333333333333,65.8769565217392,51.4868478260869,76.6863043478261,0.285645161290323,0.299032258064516,127255.333333333,-454.747511566033,-274.876459668358,948.734084876585,4.76764639357334,6.3855449962098,4.76764639357334,6.3855449962098,-65.3523329342714,192.18565076299,-254.811380738037,1.87277695791863,1.51425033728154,1175.39508457807,418.778870694023,-7.26013489909203,-496.065217391305,394.132639303642,-33.8112147381279,-2071.30434782609,433.972313112319,6.90167651931679,511.413043478258
1999,1999-01-01,1260.49262575243,27.2527868852459,164.733333333333,206876,93.042,107885,13.0466666666667,4.85,-0.315813846153846,95.1155635162424,13315.597,2243.548,4.3,68.9533333333334,58.5333333333334,75.7688888888889,0.139180327868852,0.475245901639344,128017,-452.406103860995,-274.318352504535,949.669133389329,4.70394591768297,3.74019405097883,4.70394591768297,3.74019405097883,-65.1053734965154,203.492989146856,-253.579533158658,1.4595596976843,1.67316696540158,1175.9918346583,423.342994728155,4.56412403413147,307.63768115942,406.959639253291,12.8269999496487,704.648550724642,432.768777157403,-1.20353595491611,-91.7415458937199
1999.25,1999-04-01,1329.64333767361,24.3955555555556,165.966666666667,207431.666666667,93.552,108585,17.66,5.28333333333333,-0.404613076923077,69.8299900560801,13426.748,2244.682,4.26666666666667,89.8941758241759,89.8504395604395,91.3016483516484,0.25703125,0.9575,128831,-452.623810511056,-273.755313140411,950.500411574286,4.61379445444781,3.32511273982803,4.61379445444781,3.32511273982803,-64.7268691751623,208.087905310983,-224.048476980421,2.98358403745098,2.090385604102,1176.62567469226,449.863315433083,26.5203207049285,2094.08424908425,449.814650537608,42.8550112843175,3131.71062271062,451.416884167287,18.6481070098836,1553.27594627595
1999.5,1999-07-01,1341.98672485352,23.320625,167.2,208043.666666667,94.159,109215.666666667,21.7366666666667,5.63,-0.19098,80.3512089680671,13604.771,2306.47,4.23333333333333,65.3029347826087,58.7332608695652,69.2008695652174,0.250625,1.0878125,129588.333333333,-450.202977635429,-272.732745351879,951.817581902865,4.67988327533231,5.26868131431257,4.67988327533231,5.26868131431257,-64.4423472901523,208.271572477064,-204.01901579136,2.96149426822971,2.31935374032091,1177.21180382721,417.903697834459,-31.9596175986248,-2459.12410415671,407.300619105736,-42.5140314318722,-3111.71786908743,423.701342851602,-27.7155413156846,-2210.0778786431
1999.75,1999-10-01,1374.09875106812,22.65828125,168.433333333333,208660.333333333,94.544,109978.333333333,24.5633333333333,5.94,-0.138344285714286,73.6588971166946,13827.98,2367.988,4.06666666666667,73.3592391304348,68.8754347826087,78.7207608695652,0.196612903225806,0.937258064516129,130476,-447.866708109232,-271.40136548161,953.444935469971,4.71085059338652,6.50941426842664,4.71085059338652,6.50941426842664,-64.0424353839307,209.901331779854,-192.528520751896,2.93972919166094,2.58609179875648,1177.89445807857,429.536845617189,11.6331477827302,805.630434782607,423.229958008631,15.9293389028951,1014.21739130435,436.590691821514,12.8893489699115,951.989130434779
2000,2000-01-01,1420.00142609127,23.1503174603175,170.1,211586,94.989,110611,28.8066666666667,6.52666666666667,-0.176049230769231,78.5508393318485,13878.147,2351.223,4.03333333333333,60.0396703296704,58.9474725274726,59.6289010989011,-0.0579365079365079,0.763809523809524,131245.333333333,-449.969591691084,-272.431609049879,953.807072370776,4.13793898144696,1.44854760322062,4.13793898144696,1.44854760322062,-64.8611993577231,212.202665548261,-177.577965756614,3.93859030882489,3.20584945154163,1178.48236242662,409.500551590526,-20.0362940266631,-1331.95688007644,407.664675121219,-15.5652828874119,-992.796225513615,408.814037430348,-27.7766543911662,-1909.18597706641
2000.25,2000-04-01,1446.59364924355,24.9239682539683,171.433333333333,212242,95.247,111071.333333333,28.7833333333333,6.56333333333333,-0.00458923076923077,99.4423931729044,14130.908,2490.501,3.93333333333333,64.6535164835165,59.0960439560439,68.7630769230769,-0.387777777777778,0.288888888888889,132016.666666667,-444.524323802255,-270.936267800886,955.611973405274,5.11156183098791,7.21960413799181,5.11156183098791,7.21960413799181,-64.755449553085,213.277240016666,-178.439794818818,3.12318588437819,3.24074991327343,1179.06834562243,416.904249636844,7.4036980463184,461.384615384617,407.916398403359,0.251723282139782,14.8571428571366,423.06669282493,14.2526553945826,913.417582417585
2000.5,2000-07-01,1475.97888764881,19.1690476190476,173,212918.666666667,95.241,111453.666666667,31.6233333333333,6.21666666666667,-0.152286923076923,73.0386005171645,14145.312,2466.375,4,50.4425,39.814347826087,56.8072826086957,-0.327142857142857,-0.312222222222222,132266.666666667,-445.816078484458,-271.152698437774,955.713854075646,3.8962721727815,0.407522681486938,3.8962721727815,0.407522681486938,-64.7301287205322,214.378510679937,-169.93963497611,3.63885215400721,3.41008938471781,1179.25753657247,392.08340737067,-24.8208422661743,-1421.10164835165,368.422734546944,-39.4936638564154,-1928.1696129957,403.96645324501,-19.1002395799204,-1195.57943143813
2000.75,2000-10-01,1366.3103124225,26.0166666666667,174.233333333333,213560.333333333,94.876,111772.333333333,31.98,5.71333333333333,-0.124842307692308,135.181993094403,14229.765,2471.534,3.9,55.541847826087,55.5025,57.2771739130435,-0.148387096774194,-0.629516129032258,132541.333333333,-445.908037397428,-270.858348691316,956.309117654135,2.86418218416387,2.3810543139561,2.86418218416387,2.3810543139561,-64.7455320088649,205.947378596518,-169.528468964496,2.84152102119499,3.38553734210132,1179.46498254478,401.713675151043,9.63026778037341,509.934782608696,401.642806478294,33.2200719313498,1568.8152173913,404.790218332495,0.823765087485295,46.989130434779
2001,2001-01-01,1273.32903855847,25.7264516129032,175.9,214101,94.847,111852,28.81,4.58666666666667,-0.237588461538462,136.204645683519,14183.12,2358.969,4.23333333333333,55.0945555555556,47.606,61.5873333333333,0.464032258064516,0.110806451612903,132747.333333333,-450.822320712167,-271.439534118928,955.980780409221,2.17370803844439,-1.31334897965729,2.17370803844439,-1.31334897965729,-64.9271297432328,197.947438832347,-180.919310264708,3.80810187709812,3.35291523416963,1179.62028510179,400.905090103282,-0.808585047761579,-44.7292270531406,386.295880371386,-15.346926106908,-789.649999999996,412.045622168957,7.2554038364621,431.015942028989
2001.25,2001-04-01,1234.25031389509,23.9238095238095,177.133333333333,214735.666666667,93.925,111335.666666667,27.8833333333333,4.19,-0.388302307692308,119.88516373965,14271.694,2362.652,4.4,59.9734065934066,55.4431868131868,63.37,1.08444444444444,1.53555555555556,132388.333333333,-450.962309742012,-271.112967933574,956.603341400698,0.991367995423609,2.49024396590869,0.991367995423609,2.49024396590869,-65.6858152187771,194.131628680185,-184.887360589288,2.79483716563647,3.2708280544842,1179.34948017848,409.390124052633,8.48503394935181,487.885103785099,401.535883542995,15.2400031716093,783.718681318679,414.899056333543,2.85343416458543,178.266666666665
2001.5,2001-07-01,1153.70661331436,25.3803389830509,177.633333333333,215421.666666667,92.801,110770,26.6,3.64,-0.448990769230769,162.819676531987,14214.516,2311.409,4.83333333333333,186.559120879121,99.1810389610389,121.685326086957,1.31950819672131,1.71213114754098,131985,-453.474005242121,-271.833365173386,956.201897496516,0.488043420870099,-1.6057756167271,0.488043420870099,-1.6057756167271,-66.5141368188042,187.101367954738,-189.881028484697,1.12750239080945,2.64299061368476,1179.04435587478,522.874819088216,113.484695035583,12658.5714285714,459.694685651569,58.1588021085739,4373.78521478521,480.143841825343,65.2447854918005,5831.53260869566
2001.75,2001-10-01,1115.36766052246,27.91,177.5,216111.666666667,91.734,109874.333333333,20.4033333333333,2.87333333333333,-0.379410769230769,189.830669382262,14253.574,2196.554,5.5,344.336304347826,512.173373493976,173.915543478261,1.895,2.81241935483871,131193,-458.890548070925,-271.878756712173,956.476296126752,0.167178472616847,1.09759452094309,0.167178472616847,1.09759452094309,-67.6457960921125,183.796876100523,-216.32723227206,-0.300356687662529,1.85752118647038,1178.44248004102,584.161880872358,61.2870617841416,15777.7183468705,623.866318782608,164.171633131039,41299.2334532937,515.856979906956,35.7131380816129,5223.02173913043
2002,2002-01-01,1132.21483357748,21.3608333333333,178.066666666667,216664,90.985,109373,21.61,3.20333333333333,-0.479113846153846,116.857384288415,14372.785,2262.071,5.7,154.930888888889,229.440222222222,98.4473333333334,1.87866666666667,3.32483333333333,130772.333333333,-456.206700110012,-271.301127859925,957.309176683641,1.32839627442074,3.33152222755828,1.32839627442074,3.33152222755828,-68.3583707657218,184.977301106125,-210.900184148896,1.27496123691202,1.22423602642385,1178.12131767737,504.297913934983,-79.8639669373745,-18940.5415458937,543.564252595255,-80.3020661873531,-28273.3151271753,458.952171821076,-56.9048080858804,-7546.82101449275
2002.25,2002-04-01,1070.15000247955,21.643125,179.466666666667,217203.666666667,91.178,109138,26.27,3.22333333333333,-0.592146153846154,105.318212252303,14460.848,2298.939,5.83333333333333,153.759230769231,203.378461538462,121.971758241758,1.8721875,3.35984375,130640,-454.8387757286,-270.939060989195,957.920013852988,1.31667245229057,2.443348677388,1.31667245229057,2.443348677388,-68.822233293656,178.556461720118,-192.156188596496,3.13259106186301,1.30867450048049,1178.02007276443,503.53879424079,-0.759119694193267,-117.165811965819,531.50685858662,-12.0573940086349,-2606.17606837607,480.37895281137,21.4267809902942,2352.44249084249
2002.5,2002-07-01,895.488596916199,35.0684375,180.433333333333,217867.666666667,90.85,108996.333333333,28.33,2.23,-0.421854615384615,141.876130099409,14519.633,2295.983,5.73333333333333,138.536304347826,168.022391304348,120.109456521739,2.03359375,2.59859375,130556,-455.272677058171,-270.83861112353,958.325701257726,2.12380376121022,1.6227496189515,2.12380376121022,1.6227496189515,-69.2573602310826,160.200812252295,-185.14400512924,2.14875018896592,1.56398645001961,1177.95575324737,493.113241653363,-10.4255525874266,-1522.29264214046,512.409725209556,-19.0971333770643,-3535.60702341138,478.840346471842,-1.53860633952752,-186.230172001912
2002.75,2002-10-01,886.52828502655,30.72671875,181.5,218543,90.989,108990,28.18,1.89,-0.430050769230769,150.535444889975,14537.58,2293.746,5.86666666666667,166.580108695652,181.928260869565,165.733152173913,2.11516129032258,2.63887096774194,130566,-455.679650256245,-271.024577067336,958.449229982124,1.97293385537183,0.494114897589526,1.97293385537183,0.494114897589526,-69.5726656611238,158.605737770369,-186.264314723437,2.35771542803285,2.22850447894345,1177.96341250243,511.54763270202,18.4343910486568,2804.38043478261,520.361243832462,7.95151862290657,1390.58695652174,511.037897789009,32.1975513171669,4562.3695652174
2003,2003-01-01,860.76016385438,30.0226229508197,183.366666666667,220109.333333333,90.527,108796.333333333,34.12,1.64666666666667,-0.539653846153846,190.666199044311,14614.141,2312.465,5.86666666666667,264.480777777778,268.732444444444,296.280333333333,2.27098360655738,2.74524590163934,130416.333333333,-455.581033744602,-271.213477099584,958.974490058709,1.66531337506726,2.10104030634,1.66531337506726,2.10104030634,-70.4646759727231,154.632811907315,-168.160406858982,4.09285500335912,2.93297792055522,1177.84871762546,557.776857484946,46.229224782926,9790.06690821256,559.371625431082,39.0103815986193,8680.41835748792,569.130607820634,58.0927100316243,13054.718115942
2003.25,2003-04-01,937.994601779514,21.5312698412698,183.066666666667,220774,90.24,108595,29.0366666666667,1.42333333333333,-0.699689230769231,136.528413073941,14743.567,2327.492,6.13333333333333,185.796373626374,228.592967032967,162.883956043956,2.19904761904762,2.56174603174603,130184.333333333,-455.234826084741,-270.633270178843,959.856213103996,1.93619925100705,3.52689218114719,1.93619925100705,3.52689218114719,-70.9514187921966,163.389380873146,-184.129098606302,-0.654962395038794,1.98608955632977,1177.67066738157,522.465130857018,-35.3117266279281,-7868.44041514041,543.194298550235,-16.1773268808466,-4013.94774114773,509.303802115633,-59.8268057050007,-13339.6377289377
2003.5,2003-07-01,1000.38046932221,19.32015625,184.433333333333,221512.666666667,90.376,108632.333333333,30.2133333333333,1.68,-0.69863,101.672127902741,14988.782,2411.638,6.13333333333333,130.146847826087,164.128043478261,104.540543478261,2.549375,3.27984375,130196.666666667,-452.017358902154,-269.317771906041,961.50573336259,3.18003210486353,6.5980810343774,3.18003210486353,6.5980810343774,-71.2510681848822,169.084761470829,-180.900473318431,2.97507040409926,2.19266961011311,1177.68014067904,486.866341160127,-35.5987896968912,-5564.95258002867,510.064687611142,-33.1296109390935,-6446.49235547061,464.957497203021,-44.3463049126114,-5834.34125656952
2003.75,2003-10-01,1056.452501297,17.4271875,185.133333333333,222275.666666667,90.798,108957,31.19,1.86333333333333,-0.720428461538462,82.5418921066473,15162.76,2493.928,5.83333333333333,118.947391304348,149.493152173913,99.2039130434783,2.42887096774194,3.35,130503.333333333,-449.005937573554,-268.507593159921,962.65977006733,4.21054008520638,4.61614681896094,4.21054008520638,4.61614681896094,-71.296504430786,174.159559129566,-178.097875558488,1.51528998745434,1.98206324996848,1177.91540482028,477.868130548156,-8.99821061197095,-1119.94565217392,500.72505869249,-9.33962891865177,-1463.48913043479,459.717745951566,-5.23975125145553,-533.663043478258
2004,2004-01-01,1132.67128630607,16.658064516129,186.7,222356,91.2,109346.333333333,35.2566666666667,1.69333333333333,-0.798616153846154,87.1699923041907,15248.68,2498.14,5.7,122.164395604396,146.872307692308,106.276483516484,2.32338709677419,3.07629032258065,130905,-448.873324610775,-267.978675914649,963.22482209122,4.25033203251157,2.26020809556076,4.25033203251157,2.26020809556076,-70.9759485989829,180.283104155934,-166.684841387583,3.37070573723466,1.80152593343736,1178.22271482655,480.536764261728,2.66863371357236,321.700430004779,498.956355412485,-1.76870328000467,-262.084448160539,466.604403337098,6.88665738553231,707.257047300527
2004.25,2004-04-01,1123.19645641696,16.2112698412698,188.166666666667,222973.333333333,91.297,110024.666666667,38.33,2.45333333333333,-0.733184615384615,87.4031491629721,15366.85,2597.507,5.6,135.696923076923,180.303846153846,106.489450549451,2.14241935483871,3.50096774193548,131634.333333333,-445.250004395826,-267.483959099581,963.996787083114,4.14057397911893,3.08785996757663,4.14057397911893,3.08785996757663,-70.6347599766728,178.660578344554,-159.109521552914,3.13001774957229,2.74777096959014,1178.77831554377,491.042389213219,10.5056249514911,1353.25274725275,519.464346194984,20.5079907824985,3343.15384615385,466.804592436942,0.200189099843673,21.2967032966986
2004.5,2004-07-01,1103.90827941895,15.4421875,189.366666666667,223680,91.817,110339,43.86,2.56,-0.704095384615385,93.9719864121718,15512.619,2638.672,5.43333333333333,140.978260869565,174.914782608696,125.342608695652,1.74484375,2.7875,131961.333333333,-443.994069875244,-266.856263731127,964.940910071632,3.4351767090417,3.77649195406846,3.4351767090417,3.77649195406846,-70.6659014138731,176.292697225425,-146.268242790523,2.5428303893456,2.63971096590172,1179.02642293634,494.860570026145,3.81818081292566,528.133779264215,516.429889879994,-3.03445631498924,-538.906354515046,483.105085753393,16.3004933164506,1885.31581462016
2004.75,2004-10-01,1162.65203285217,13.65140625,191.4,224418,92.327,110841,48.3066666666667,2.81333333333333,-0.713303571428571,93.8566991456421,15670.88,2693.575,5.43333333333333,116.479456521739,147.811304347826,91.6817391304348,1.35338709677419,2.12838709677419,132521.333333333,-442.264107677295,-266.170617128001,965.955949203745,3.29617913641478,4.06015652845326,3.29617913641478,4.06015652845326,-70.5413642367529,180.409343083968,-137.679590166009,4.27212324955306,3.3289192814264,1179.44989177376,475.771491858704,-19.0890781674413,-2449.88043478261,499.593648967477,-16.8362409125173,-2710.34782608695,451.832322235932,-31.272763517461,-3366.08695652173
2005,2005-01-01,1191.94786797195,12.7870491803279,192.366666666667,225038,92.587,111249,49.7066666666667,3.44333333333333,-0.7041725,55.9128851098758,15844.727,2769.261,5.3,99.4982222222222,107.408111111111,89.8197777777778,0.848688524590164,1.7144262295082,132988.666666667,-439.768877923153,-265.343251324864,967.059204256669,3.83438216544825,4.41302021169463,3.83438216544825,4.41302021169463,-70.4498344591281,182.394083869723,-135.326421077964,2.01511761198283,2.99002225011344,1179.80191905405,460.013977689158,-15.7575141695453,-1698.12342995169,467.663570167291,-31.9300788001859,-4040.31932367151,449.780519357256,-2.05180287867535,-186.196135265706
2005.25,2005-04-01,1181.9740562439,13.40734375,193.666666666667,225674,93.061,111952.333333333,53.0433333333333,3.64333333333333,-0.616901538461539,78.4974093141908,15922.782,2733.225,5.1,89.2679120879121,101.030769230769,77.9052747252748,0.51265625,1.231875,133718.333333333,-441.360924935311,-265.134056613024,967.550619287531,3.55383220441645,1.96566012344945,3.55383220441645,1.96566012344945,-70.1018294557768,180.880278050912,-129.502927862982,2.69407805399631,2.88103732621945,1180.34908766015,449.164209618595,-10.8497680705635,-1023.03101343101,461.542511629534,-6.12105853775748,-637.73418803418,435.5493662077,-14.2311531495563,-1191.4503052503
2005.5,2005-07-01,1224.17437744141,12.25078125,196.6,226422.333333333,93.297,112597.333333333,63.08,3.95333333333333,-0.602065,79.1088786221581,16047.587,2769.106,4.96666666666667,128.743586956522,170.860108695652,96.5733695652174,0.2571875,0.776875,134452.333333333,-440.387746250515,-264.684349133483,968.331377457644,3.39046738601247,3.12303268045255,3.39046738601247,3.12303268045255,-69.8583954156443,182.885071044191,-113.676744561823,6.01309581170568,3.74860368180947,1180.89650162012,485.782272825685,36.6180632070902,3947.56748686096,514.08451438912,52.5420027595863,6982.9339464883,457.030302583378,21.4809363756777,1866.80948399426
2005.75,2005-10-01,1230.46825396826,12.781746031746,198.433333333333,227196,93.896,113077.666666667,60.0333333333333,4.36333333333333,-0.578865384615385,69.9748694555516,16136.734,2857.35,4.96666666666667,88.3495652173913,110.524239130435,71.1584782608696,0.123606557377049,0.574590163934426,134933.333333333,-437.591845918753,-264.471479309183,968.885356694852,2.92940749110677,2.21591694883045,2.92940749110677,2.21591694883045,-69.773818280487,182.469687871268,-119.555322797743,3.71279351126752,3.60877124723809,1181.25361082873,448.130127761485,-37.6521450642006,-4039.40217391304,470.523485554869,-43.5610288342513,-6033.58695652175,426.490947781447,-30.5393548019302,-2541.48913043478
2006,2006-01-01,1283.65500173261,12.0424193548387,199.466666666667,227763.666666667,94.914,113855,63.3466666666667,4.6,-0.618553076923077,66.5263520098131,16353.835,2899.229,4.73333333333333,93.9545555555556,99.2784444444445,88.6726666666667,-0.0275806451612903,0.0704838709677419,135731,-436.386370208179,-263.384611524357,970.221770539623,3.16256628295442,5.3456553790852,3.16256628295442,5.3456553790852,-69.3382832677038,186.181961991466,-114.702485034155,2.07757860036928,3.6243864943347,1181.84302648328,454.281121383299,6.15099362181431,560.499033816427,459.79284724058,-10.7306383142888,-1124.57946859903,448.495168699707,22.0042209182592,1751.41884057971
2006.25,2006-04-01,1280.81174432664,14.5287301587302,201.266666666667,228432.666666667,95.13,114341.666666667,70.53,4.99333333333333,-0.587985384615385,77.3492684064795,16396.151,2882.564,4.63333333333333,91.9293406593407,95.8120879120879,86.7275824175824,0.0747619047619048,0.242539682539683,136264,-437.25613156261,-263.419487932653,970.480189114513,2.929569826982,1.03367429955981,2.929569826982,1.03367429955981,-69.2050449350396,185.061860256007,-104.859257738454,3.59343624498827,3.84922604208269,1182.23494595404,452.102024564653,-2.17909681864539,-202.521489621491,456.238885564001,-3.55396167657895,-346.635653235657,446.277196949617,-2.21797175008991,-194.508424908429
2006.5,2006-07-01,1288.31730724517,13.6079365079365,203.166666666667,229166.333333333,95.491,114661.666666667,70.4433333333333,4.93,-0.583044615384615,72.5802992711164,16420.738,2871.589,4.63333333333333,133.059239130435,141.352826086957,128.969347826087,-0.0355555555555556,-0.141587301587302,136683.666666667,-437.958255123033,-263.590303812303,970.630032718521,2.29865526087689,0.599374416032106,2.29865526087689,0.599374416032106,-69.2462323222689,184.706557262709,-105.921805614727,3.75837265943524,3.28554525401508,1182.54245325205,489.079443605325,36.9774190406718,4112.98984710941,495.125907748028,38.887022184027,4554.07381748686,485.957476237579,39.680279287962,4224.17654085045
2006.75,2006-10-01,1388.63539341518,11.0349206349206,202.333333333333,229896,95.942,114972.333333333,60.0933333333333,4.73666666666667,-0.627336923076923,52.0892268940438,16561.866,2818.228,4.43333333333333,97.4520652173913,88.1004347826087,102.689347826087,-0.106935483870968,-0.401129032258065,137052,-440.151871409942,-263.052420898021,971.485810275063,2.60045358021088,3.42311022616642,2.60045358021088,3.42311022616642,-69.2935513039536,192.616031016351,-121.401759323705,-1.64406314473133,1.94633109001536,1182.81156948386,457.936061831384,-31.1433817739416,-3560.71739130434,447.847746803335,-47.2781609446933,-5325.23913043478,463.170839029011,-22.7866372085674,-2628
2007,2007-01-01,1424.3813116355,12.5636065573771,204.317,230839.333333333,95.895,115479,58.13,4.76666666666667,-0.655382307692308,65.9666391841975,16611.69,2800.037,4.5,92.7924444444445,89.5182222222223,92.7483333333333,-0.0814516129032258,-0.435,137604,-441.20893104558,-263.161527744974,971.786194336776,1.56442379715269,1.20153624685244,1.56442379715269,1.20153624685244,-69.263324658626,194.182012182552,-125.699082761275,3.90248277384657,2.40255713338469,1183.21352738263,453.036521885304,-4.89953994607966,-465.962077294682,449.444220480539,1.59647367720392,141.778743961355,452.988973187416,-10.1818658415954,-994.101449275361
2007.25,2007-04-01,1497.17618815104,13.7319047619048,206.631,231482,96.31,115777.333333333,64.97,4.80666666666667,-0.565985384615385,66.5793154887328,16713.314,2827.01,4.5,88.7414285714286,98.5036263736264,79.6749450549451,0.04234375,-0.0259375,137969,-440.52825006997,-262.829646942331,972.396092628244,1.91590351373083,2.43959316587237,1.91590351373083,2.43959316587237,-69.2833310525478,198.040147781777,-115.700896893967,4.50475380244342,2.63038652274847,1183.47843012234,448.572684421457,-4.4638374638474,-405.101587301591,459.009336347625,9.56511586708686,898.540415140415,437.795517068842,-15.1934561185745,-1307.33882783883
2007.5,2007-07-01,1489.46349516369,21.5892063492064,207.939,232210,96.054,115827.333333333,75.5,4.38,-0.0633346153846154,81.5609009129639,16809.587,2794.526,4.66666666666667,96.6498913043479,106.69347826087,90.5677173913044,0.347619047619048,0.304126984126984,138052.666666667,-441.997963098429,-262.569275624899,972.970465739174,2.34043302065352,2.29749244372286,2.34043302065352,2.29749244372286,-69.5541558224606,196.892649627995,-101.311211120374,2.52406945064188,2.32181072055013,1183.53905338444,457.109508102202,8.53682368074589,790.846273291932,466.996003423601,7.98666707597562,818.985188724312,450.609782936753,12.8142658679119,1089.27723363593
2007.75,2007-10-01,1495.7454662323,22.02984375,210.489666666667,232936.666666667,95.792,115952,90.85,3.47666666666667,0.269246923076923,104.732379423786,16915.191,2762.518,4.8,94.97,87.2157608695652,98.8796739130435,0.776935483870968,0.775,138287.666666667,-443.462401707579,-262.255450581374,973.596737290394,2.1109270153314,2.50508620487793,2.1109270153314,2.50508620487793,-69.7590287368612,196.094343871764,-84.0226767605812,4.87671799570961,3.95200600566037,1183.7091335561,455.356105225486,-1.75340287671633,-167.989130434785,446.838505849975,-20.1574975736258,-1947.77173913043,459.390369589896,8.78058665314274,831.195652173912
2008,2008-01-01,1350.66147500961,26.1201639344262,212.769666666667,232806.666666667,95.468,115909,97.9533333333333,2.02333333333333,0.646202307692308,133.27717314278,16843.003,2686.998,5,80.1761538461538,84.6227472527472,74.0918681318681,1.63590163934426,1.56081967213115,138325,-446.178376702301,-262.627303399979,973.169059731391,1.38286539461507,-1.71071023601286,1.38286539461507,-1.71071023601286,-69.7402951851439,184.813952947184,-77.5719028667808,4.30945639980251,4.05374941214935,1183.73612677663,438.422613707097,-16.9334915183892,-1479.38461538462,443.820311052653,-3.0181947973225,-259.301361681798,430.530578446982,-28.859791142914,-2478.78057811754
2008.25,2008-04-01,1371.62750434876,20.67296875,215.537666666667,233410,94.917,115379,123.963333333333,2.42333333333333,0.624596153846154,92.0026720372274,16943.291,2641.85,5.33333333333333,77.2006593406593,75.2771428571428,76.0246153846154,1.46515625,2.23140625,137862.333333333,-448.131713451806,-262.292461957301,973.762722324522,1.36662969627857,2.37465037252633,1.36662969627857,2.37465037252633,-70.4574202058258,185.061759154882,-55.314985863384,5.17019125563998,4.22010877544849,1183.40108816796,434.640799767637,-3.78181393945942,-297.549450549451,432.117654101201,-11.7026569514518,-934.56043956044,433.105717448605,2.57513900162314,193.274725274728
2008.5,2008-07-01,1252.02468299866,25.0734375,218.861,234110.333333333,93.872,114599.666666667,117.983333333333,2.35666666666667,0.926006153846154,144.812558939815,16854.295,2589.254,6,89.0539130434783,95.9567391304348,80.7675,1.5021875,2.341875,137157,-450.442271086876,-263.118699374301,973.236079944244,0.265614205069475,-2.1065695211135,0.265614205069475,-2.1065695211135,-71.4347618594736,174.408044121006,-61.7893453558721,6.12045740968448,5.11920576520915,1182.88815340717,448.924195086433,14.2833953187956,1185.3253702819,456.389745584382,24.2720914831815,2067.95962732919,439.157465688901,6.05174824029557,474.288461538463
2008.75,2008-10-01,911.977345466614,58.6046875,213.848666666667,234825,91.473,113006,58.37,1.21333333333333,2.74857384615385,187.438112957417,16485.35,2338.938,6.86666666666667,79.3989130434783,93.281195652174,69.6982608695652,2.0191935483871,2.92290322580645,135561,-460.914357568415,-265.636844815976,971.022738670295,-2.57399862009855,-8.85336509579418,-2.57399862009855,-8.85336509579418,-73.139964123272,145.034654951504,-129.846654053793,-9.2672901428724,1.58320373056364,1181.71770025011,437.448467853065,-11.4757272333681,-965.500000000002,453.561854040355,-2.82789154402785,-267.554347826078,424.417536579901,-14.7399291089994,-1106.92391304348
2009,2009-01-01,807.665900558722,45,212.377666666667,234912.666666667,89.016,110724,42.96,0.906666666666667,2.15337307692308,185.119005524634,16298.262,2073.135,8.26666666666667,75.4045555555556,76.2611111111111,74.3105555555556,1.83196721311475,2.52393442622951,133295.666666667,-473.015185952313,-266.815533750558,969.881375534305,-3.28768419708556,-4.5654525439609,-3.28768419708556,-4.5654525439609,-75.2173195482076,133.578234728426,-159.809668611838,-2.76098537385394,-0.184406712850471,1180.03249975114,432.286769169748,-5.16169868331691,-399.435748792271,433.416312436145,-20.1455416042096,-1702.00845410628,430.825300832977,6.40776425307577,461.229468599036
2009.25,2009-04-01,892.601427835132,33.0157142857143,213.507,235459.333333333,86.833,108808.666666667,59.5433333333333,1.01333333333333,1.11168,115.448168140652,16269.145,1952.641,9.3,86.1856043956044,83.5857142857143,85.4935164835165,2.3031746031746,3.14952380952381,131432,-479.235540107565,-267.226784716552,969.702564812542,-4.06015751197995,-0.715242887051204,-4.06015751197995,-0.715242887051204,-77.1947228196654,143.047053281349,-127.696528022376,2.12139307898127,-0.946606257015148,1178.62448865862,445.650316135202,13.3635469654539,1078.10488400488,442.587262373888,9.17094993774281,732.460317460318,444.844054246528,14.018753413551,1118.29609279609
2009.5,2009-07-01,995.748280525208,25.48625,215.344,236093,85.747,107957.333333333,68.2033333333333,1.03333333333333,0.336403846153846,104.846360868672,16326.281,1946.867,9.63333333333333,81.8919565217392,76.8278260869565,80.7270652173913,2.4878125,3.3578125,130460.333333333,-479.800438136194,-267.144965450747,970.053141967256,-3.18293797698761,1.40230861885584,-3.18293797698761,1.40230861885584,-78.2489707859517,153.125774575515,-114.9743309981,3.42685218996515,-1.62000756194498,1177.88245004084,440.540077506823,-5.11023862837847,-429.364787386521,434.156689337259,-8.43057303662924,-675.78881987578,439.107389968521,-5.73666427800745,-476.645126612516
2009.75,2009-10-01,1088.723279953,23.071875,217.03,236739,85.743,107463,76.0666666666667,0.873333333333333,-0.0252415384615385,98.1390386405122,16502.754,2128.516,9.93333333333333,89.1672826086957,90.8219565217391,85.2122826086956,2.58612903225806,3.40354838709677,129976,-471.153324518498,-266.34309924039,971.128255505181,0.1055168348854,4.30045415169786,0.1055168348854,4.30045415169786,-78.9811666197978,161.272539308364,-104.842544407303,3.11953733661383,1.47669930792658,1177.51050970096,449.051418540517,8.51134103369313,727.532608695651,450.890106828889,16.73341749163,1399.41304347826,444.514558551881,5.4071685833601,448.521739130432
2010,2010-01-01,1123.5936019147,20.1496721311475,217.374,236996.333333333,86.109,107295.666666667,78.6266666666667,0.916666666666667,-0.258143076923077,126.090974241921,16582.71,2174.335,9.83333333333333,82.6641111111112,83.7545555555555,80.4947777777778,2.80016393442623,3.60803278688525,129790.666666667,-469.132179918405,-265.968408355773,971.611586527249,1.73021099294353,1.9333240882716,1.73021099294353,1.9333240882716,-79.2456406239732,164.26680286219,-101.690845985465,0.633511794378094,2.32532359998459,1177.36781751712,441.478554304053,-7.57286423646342,-650.317149758452,442.789056391904,-8.10105043698473,-706.740096618361,438.819230999448,-5.69532755243332,-471.750483091785
2010.25,2010-04-01,1134.58443971664,26.3914285714286,217.297333333333,237506,86.762,107655.666666667,77.89,0.87,-0.235156153846154,133.732553410074,16743.162,2288.469,9.63333333333333,90.663956043956,77.5468131868132,97.110989010989,2.619375,3.34421875,130424,-464.230985128449,-265.220295020052,972.57452150951,2.87195669696718,3.85173992904342,2.87195669696718,3.85173992904342,-79.125502416102,165.275511509817,-102.59690404344,-0.141102781034519,1.75969963498064,1177.85459606195,450.715988060696,9.23743375664294,799.984493284487,435.088179512007,-7.70087687989731,-620.774236874233,457.585454099461,18.7662231000138,1661.62112332112
2010.5,2010-07-01,1096.24687480927,24.28359375,217.934333333333,238103.666666667,87.167,107979,76.1666666666667,0.54,-0.252416153846154,170.3055560638,16872.266,2390.072,9.46666666666667,77.6729347826087,79.0579347826087,73.4364130434783,2.24578125,2.6296875,130391,-460.138266205358,-264.703494424829,973.34264878001,3.28950681275355,3.07250908200132,3.28950681275355,3.07250908200132,-79.0769389293246,161.545389871054,-105.126987250452,1.17087152176509,1.19570446793063,1177.82929076879,435.250686699657,-15.4653013610396,-1299.10212613473,437.018093537467,1.92991402546001,151.112159579552,429.641990311886,-27.9434637875756,-2367.45759675107
2010.75,2010-10-01,1204.58562088013,19.3184375,219.699,238711.333333333,87.587,108450,85.0266666666667,0.483333333333333,-0.451439285714286,160.453451337148,16960.864,2383.297,9.5,86.250652173913,83.1945652173913,87.8970652173913,2.39129032258065,2.73887096774194,130733.333333333,-460.677018845363,-264.434643915758,973.866385144455,2.73812963927416,2.09494545778028,2.73812963927416,2.09494545778028,-78.8965774347108,170.163247597753,-94.9293494939888,3.22585341927351,1.22228348859554,1178.09149040763,445.725761731956,10.475075032299,857.771739130436,442.118202378724,5.10010884125745,413.66304347826,447.616641639076,17.9746513271902,1446.0652173913
2011,2011-01-01,1302.52902713899,18.6148387096774,222.043666666667,238851.666666667,87.739,108836.666666667,93.98,0.693333333333333,-0.57866,123.298974597867,16920.632,2338.901,9.03333333333333,101.696222222222,106.824222222222,98.0851111111111,2.76370967741936,3.33064516129032,131058.333333333,-462.616155676571,-264.730901196538,973.62889847085,2.01731194360129,-0.949946694419879,2.01731194360129,-0.949946694419879,-78.599443024103,176.91889998638,-85.9792065552048,4.24625260314713,2.1254686907878,1178.33977956908,462.199015607374,16.4732538754185,1544.55700483092,467.118470064444,25.0002676857202,2362.96570048309,458.583558248502,10.9669166094261,1018.80458937198
2011.25,2011-04-01,1318.33285861545,17.482380952381,224.568333333333,239316,88.621,109585,102.553333333333,0.566666666666667,-0.574375384615385,116.144548905311,17035.114,2434.538,9.06666666666667,93.350989010989,109.823186813187,80.9878021978022,2.63984126984127,3.15619047619048,131744,-458.802784888567,-264.250811116406,974.303202217717,1.72868070820709,2.69721498746662,1.72868070820709,2.69721498746662,-78.1084350525403,176.994319047215,-78.3797052512522,4.52239269812012,3.29134256057646,1178.86159245696,453.636646458602,-8.56236914877231,-834.523321123324,469.887167994351,2.76869792990677,299.896459096456,439.429855318201,-19.1537029303007,-1709.73089133089
2011.5,2011-07-01,1225.26844215393,30.58359375,226.032666666667,239871,88.85,110137.666666667,89.71,0.283333333333333,-0.260807857142857,235.083995782636,17031.313,2445.296,9,82.6014130434783,101.652934782609,64.6970652173913,2.135,2.38921875,132154,-458.593509984315,-264.504768789784,974.280886992138,0.938238212128262,-0.0892609023139812,0.938238212128262,-0.0892609023139812,-77.837018038544,169.023570382428,-92.4097286028655,2.59979625113189,3.64857374291816,1179.17231882085,441.402678744451,-12.2339677141508,-1074.95759675108,462.156441110479,-7.73072688387178,-817.025203057806,416.971584062322,-22.4582712558796,-1629.07369804109
2011.75,2011-10-01,1225.65126836868,29.9395238095238,227.047333333333,240431.333333333,89.687,110736,94.0633333333333,0.263333333333333,-0.0995292307692308,154.880807358511,17222.583,2633.829,8.63333333333333,81.0544565217391,79.8294565217391,81.7432608695652,1.78311475409836,2.03196721311475,132710.333333333,-451.399585155244,-263.621304474206,975.397676673285,1.53129152882965,4.46715872458583,1.53129152882965,4.46715872458583,-77.5285542393257,168.606911672048,-88.1190198370062,1.79159241274469,3.29000849128596,1179.59240871705,439.512123151571,-1.89055559287956,-154.695652173913,437.989256568939,-24.1671845415402,-2182.34782608696,440.358337053304,23.3867529909827,1704.61956521739
2012,2012-01-01,1348.78371503276,18.2040322580645,228.326,242436,90.354,111555,102.893333333333,0.286666666666667,-0.372805384615385,124.200522060685,17367.01,2692.179,8.26666666666667,85.6979120879121,75.2226373626374,93.547032967033,1.75048387096774,1.96935483870968,133500.333333333,-450.038685513399,-263.616532844991,976.232770855164,2.60387238431363,3.34037672751606,2.60387238431363,3.34037672751606,-77.6220015196033,177.618408121382,-79.7081579368747,2.24636786333221,2.79003730633223,1180.18592536982,445.082846227209,5.57072307563713,464.345556617293,432.04522144142,-5.94403512751853,-460.681915910176,453.846433620466,13.4880965671615,1180.37720974677
2012.25,2012-04-01,1349.6785656157,20.0357142857143,228.808,242968.333333333,90.471,111999.333333333,93.48,0.29,-0.323471538461539,143.436833728374,17444.525,2752.614,8.2,84.4713186813187,79.6132967032967,84.9728571428572,1.53625,1.7375,133923.333333333,-448.038011369728,-263.390527351224,976.678112481796,2.37491026407923,1.78136650652903,2.37491026407923,1.78136650652903,-77.4438200451633,177.473851960901,-89.5135714258688,0.843516655722354,1.87031829573279,1180.50227758954,443.641205285608,-1.44164094160031,-122.659340659338,437.718112291131,5.67289084971012,439.065934065935,444.233187776327,-9.61324584413923,-857.417582417577
2012.5,2012-07-01,1400.9457155258,16.1926984126984,229.841,243564,90.992,112419.333333333,92.27,0.26,-0.429832307692308,168.622009674865,17469.65,2759.86,8.03333333333333,75.0821739130435,77.5875,72.1335869565218,1.38349206349206,1.53968253968254,134337.333333333,-448.019978785865,-263.491465206281,976.822036858282,2.54114986614393,0.575697505944817,2.54114986614393,0.575697505944817,-77.3143814250061,180.751503312395,-91.2668703923872,1.80181663399637,1.67082339144891,1180.81093284923,431.858316592145,-11.7828886934634,-938.914476827519,435.140633173977,-2.57747911715347,-202.579670329673,427.851977433115,-16.3812103432121,-1283.92701863354
2012.75,2012-10-01,1418.13903021043,16.7529032258065,231.369333333333,244169,91.52,112964.666666667,88.16,0.27,-0.566481538461539,195.648337721072,17489.852,2736.423,7.8,78.8778260869565,86.5310869565218,70.8534782608696,1.43950819672131,1.61737704918033,134855.666666667,-449.120901541814,-263.623978147501,976.937610599857,1.53993392657252,0.462294966300192,1.53993392657252,0.462294966300192,-77.0785523040835,181.308546965088,-96.4861933923159,2.65100552537056,1.88567666960537,1181.19603496847,436.790015016507,4.93169842436183,379.565217391304,446.050373615447,10.9097404414701,894.358695652177,426.061405823962,-1.79057160915255,-128.010869565216
2013,2013-01-01,1513.97999674479,13.527,232.299333333333,244828.666666667,92.128,113623.666666667,94.3533333333333,0.266666666666667,-0.654136923076923,158.012439090102,17662.4,2845.38,7.73333333333333,82.627,89.1872222222223,80.7274444444445,1.68816666666667,1.86466666666667,135497,-445.486201985724,-262.912055989678,977.919336526409,1.68656567124508,3.92690370620628,1.68656567124508,3.92690370620628,-76.7666828256726,187.447045180037,-90.098016928246,1.60459623691196,1.72523376300031,1181.67047788354,441.433650362776,4.64363534626955,374.917391304346,449.07377806951,3.02340445406317,265.61352657005,439.107859731866,13.0464539079043,987.396618357486
2013.25,2013-04-01,1609.49125099182,14.83703125,232.045,245363.333333333,92.504,114224.666666667,94.2233333333333,0.27,-0.692166923076923,123.698168076862,17709.671,2882.489,7.53333333333333,86.5682417582418,88.3335164835165,84.7618681318681,1.71609375,1.9346875,136082.333333333,-444.408594817159,-262.862923064647,978.186615352922,1.50850287112654,1.06911530605487,1.50850287112654,1.06911530605487,-76.4572835965446,193.674209649469,-90.1263467535689,-0.43818061814811,1.4048094445327,1182.10153736991,446.0933024963,4.659652133524,394.124175824176,448.111961071426,-0.961816998084064,-85.3705738705756,443.98457734105,4.87671760918325,403.442368742367
2013.5,2013-07-01,1674.94359207153,14.2796875,233.3,245961,92.876,114792.333333333,105.823333333333,0.366666666666667,-0.669318461538462,126.69520157048,17860.45,2998.991,7.23333333333333,87.8919565217391,92.3080434782609,83.8716304347826,2.340625,2.674375,136619.333333333,-440.689708801671,-262.258421567916,979.034405008172,2.21236814989005,3.39115862099888,2.21236814989005,3.39115862099888,-76.2048287934035,197.120958828952,-79.0554142016014,2.15754426108461,1.49374135130476,1182.49537485589,447.610829335665,1.51752683936452,132.371476349738,452.513128265515,4.40116719408818,397.452699474437,442.9287420831,-1.05583525794923,-89.023769708551
2013.75,2013-10-01,1768.66734695435,14.2328125,234.162666666667,246564.333333333,93.138,115412.333333333,97.3433333333333,0.326666666666667,-0.755342307692308,143.436405946159,18016.147,3027.805,6.93333333333333,73.4847826086957,67.2119565217392,75.0119565217391,2.41693548387097,2.68403225806452,137243.333333333,-439.97850120267,-261.635453524716,979.902369031998,2.96475843214132,3.47185609530527,2.96475843214132,3.47185609530527,-75.9111723582755,202.19656001192,-87.7771782494526,1.47634060639064,1.20007512155977,1182.95107850287,429.707834544571,-17.9029947910932,-1440.71739130435,420.785115613307,-31.7280126522073,-2509.60869565217,431.76475211201,-11.1639899710902,-885.967391304349
2014,2014-01-01,1834.87114778112,14.8288524590164,235.621,247086,93.496,115928.666666667,98.7466666666667,0.373333333333333,-0.780061538461539,100.697719692356,17953.974,2998.148,6.66666666666667,90.1143333333333,74.8581111111111,98.4903333333333,2.39065573770492,2.71606557377049,137752.666666667,-441.174168945959,-262.19249709775,979.556676217032,1.63733969062374,-1.38277125986406,1.63733969062374,-1.38277125986406,-75.6761394742765,205.250495689948,-86.9666933993611,2.48342055499897,1.41978120108153,1183.32150855695,450.107923446294,20.4000889017223,1662.95507246376,431.559446987249,10.774331373942,764.615458937199,458.995840461424,27.2310883494135,2347.83768115942
2014.25,2014-04-01,1900.37269616506,12.738253968254,236.872333333333,247625,94.487,116692.666666667,103.346666666667,0.42,-0.786600769230769,94.9923137722185,18185.911,3121.321,6.2,91.29,80.8517582417582,100.159450549451,2.20142857142857,2.58793650793651,138552.666666667,-437.365919536883,-261.126833160138,980.840245239947,2.65362988702496,5.13427609165973,2.65362988702496,5.13427609165973,-75.2371806889472,208.22839837172,-82.9432285332431,2.11869445870967,2.05899997029597,1183.90057970685,451.404125257699,1.29620181140524,117.566666666673,439.261733274718,7.70228628746841,599.364713064708,460.676342160841,1.68050169941756,166.911721611719
2014.5,2014-07-01,1975.90812110901,13.07265625,237.478333333333,248232.666666667,95.241,117417.333333333,97.78,0.516666666666667,-0.732152307692308,76.1999751075168,18406.941,3193.152,6.06666666666667,133.073586956522,114.784673913043,152.870434782609,1.98453125,2.473125,139301.666666667,-435.335796166601,-260.163865665654,982.048310072526,3.0139050643534,4.83225933031264,3.0139050643534,4.83225933031264,-74.8631938519433,211.870698856932,-88.7356334092488,1.0220292661419,1.77512122156029,1184.43971242812,489.090226060321,37.686100802622,4178.35869565217,474.305797247359,35.0440639726417,3393.29156712852,502.959073114188,42.2827309533466,5271.09842331582
2014.75,2014-10-01,2009.34437561035,16.07234375,236.888333333333,248842.666666667,96.203,118151.666666667,73.16,0.54,-0.639479230769231,97.9786179566923,18500.031,3203.351,5.7,83.4544565217392,82.1757608695653,83.4666304347826,1.73935483870968,2.25338709677419,140083.666666667,-435.262338659279,-259.904842822157,982.552768674069,2.65039964207041,2.01783440617334,2.65039964207041,2.01783440617334,-74.4851726084726,213.797490382505,-117.494003920834,-0.995011404792479,1.15728321876452,1184.99951421359,442.43010521779,-46.6601208425306,-4961.91304347826,440.88603786442,-33.4197593829391,-3260.89130434782,442.444691646967,-60.5143814672206,-6940.38043478261
2015,2015-01-01,2063.68983534516,16.5647540983607,235.355,249900.666666667,96.688,118803.333333333,48.54,0.603333333333333,-0.527036153846154,101.37755399129,18666.621,3314.895,5.53333333333333,107.962777777778,112.708555555556,105.539111111111,1.36426229508197,1.94426229508197,140772.666666667,-432.263755664307,-259.432654993563,983.449223461761,3.89254724472892,3.58581915076996,3.89254724472892,3.58581915076996,-74.3594040674801,217.115582916036,-157.870681227735,-2.59754006208084,-0.112956935505437,1185.49015750728,468.178651751293,25.7485465335023,2450.83212560386,472.480533258812,31.5944953943915,3053.27946859903,465.908160564824,23.463468917857,2207.24806763285
2015.25,2015-04-01,2101.82905505953,13.7401587301587,236.96,250461.333333333,96.953,119470.333333333,57.8466666666667,0.613333333333333,-0.547613846153846,107.247980045152,18782.243,3328.049,5.43333333333333,86.2869230769231,83.9434065934066,87.6615384615385,1.55171875,2.14609375,141481,-432.091830425148,-259.039264844173,984.066718120015,3.22647288006763,2.46997863301459,3.22647288006763,2.46997863301459,-74.0236466733777,218.267187271004,-141.009551882225,2.71853517747402,0.0370032441856516,1185.99207114313,445.767805795101,-22.4108459561914,-2167.58547008547,443.01428407537,-29.4662491834418,-2876.51489621489,447.348324516222,-18.5598360486026,-1787.75726495726
2015.5,2015-07-01,2027.20000267029,19.30734375,237.855,251099,97.076,120080.333333333,46.4166666666667,0.693333333333333,-0.464936153846154,142.39036673023,18857.418,3335.27,5.1,94.4035869565217,80.7571739130435,104.240869565217,1.530625,2.18046875,142130.333333333,-432.129364806773,-258.894091934481,984.466164331584,2.41785425905849,1.59778484627608,2.41785425905849,1.59778484627608,-73.7686320429995,214.274956657446,-163.400265417036,1.50795751606054,0.158485306665312,1186.44997560011,454.757906985035,8.99010118993395,811.666387959862,439.144679918504,-3.86960415686604,-318.623268036309,464.670427473515,17.3221029572932,1657.9331103679
2015.75,2015-10-01,2052.31187820435,17.03328125,237.837,251741.333333333,97.782,120743.333333333,41.95,0.833333333333333,-0.435299230769231,100.74969367642,18892.206,3315.334,5.03333333333333,124.15152173913,166.956630434783,98.4044565217392,1.35225806451613,2.065,142821.333333333,-432.984373260896,-258.965264925843,984.650473504295,2.09770483022567,0.737236690842025,2.09770483022567,0.737236690842025,-73.4735024800702,215.513661708216,-173.510713217538,-0.0302716884178267,0.399670235758975,1186.93497108202,482.150276914148,27.3923699291132,2974.79347826088,511.773408069408,72.6287281509039,8619.94565217391,458.908609288773,-5.76181818474222,-583.641304347825
2016,2016-01-01,1951.22491355021,20.4862295081967,237.689333333333,252580.666666667,98.03,121283,33.1833333333333,0.836666666666667,-0.326331538461538,144.556426251722,19001.69,3301.09,4.9,107.629120879121,115.445494505495,101.925824175824,1.07803278688525,1.62377049180328,143426.333333333,-433.747795267761,-258.720274706303,985.228320156142,1.7790966943803,2.3113866073885,1.7790966943803,2.3113866073885,-73.3604011906428,210.524811627476,-196.891675702551,-0.248426488397513,0.986948629179807,1187.35768258071,467.869125125178,-14.2811517889708,-1652.24008600096,474.87985095344,-36.8935571159683,-5151.11359292881,462.424533477343,3.51592418857001,352.1367654085
2016.25,2016-04-01,2075.13140678406,15.6759375,239.590333333333,253180,98.281,121779.333333333,45.4066666666667,0.773333333333333,-0.37679,142.197283845161,19062.709,3287.033,4.93333333333333,85.6105494505495,92.0478021978022,80.9018681318682,0.97890625,1.49078125,143967,-434.411536402725,-258.636667996673,985.548929722409,1.48221160239395,1.28243826506917,1.48221160239395,1.28243826506917,-73.1890034395896,215.884923882233,-166.327158326287,3.18640861613346,1.10391698884467,1187.73393856288,444.980851679885,-22.8882734452922,-2201.85714285714,452.230803121591,-22.6490478318489,-2339.76923076923,439.323691566271,-23.100841911072,-2102.3956043956
2016.5,2016-07-01,2162.05686950684,13.23390625,240.607333333333,253855,98.761,122417.666666667,44.85,0.726666666666667,-0.351827857142857,119.229187231085,19197.938,3301.079,4.9,104.791630434783,128.795,89.8610869565217,0.83625,1.26609375,144716.333333333,-434.251385314423,-258.196036043763,986.255815641519,1.78965130993536,2.82754367644174,1.78965130993536,2.82754367644174,-72.9324542695849,219.564901953967,-167.984269392845,1.69430481012789,1.1505038123615,1188.25307834667,465.197390643426,20.2165389635402,1918.10809842332,485.822199304097,33.591396182506,3674.71978021978,449.826499967972,10.5028084017009,895.921882465353
2016.75,2016-10-01,2184.87855747768,14.0979365079365,242.134666666667,254534.333333333,98.848,122927,49.1366666666667,1.00666666666667,-0.414464615384615,174.530079590052,19304.352,3391.749,4.76666666666667,90.5298913043478,99.6389130434783,85.4845652173913,1.12918032786885,1.70540983606557,145219,-431.809001438409,-257.910516921501,986.80858417014,2.15811066584592,2.21107411448429,2.15811066584592,2.21107411448429,-72.7845048685247,219.982148067157,-159.488851382067,2.53110511139489,1.79084801231468,1188.59982268067,450.568008682771,-14.629381960655,-1426.17391304348,460.155278149745,-25.6669211543518,-2915.60869565217,444.833583587314,-4.99291638065795,-437.652173913044
2017,2017-01-01,2325.92789976059,11.691935483871,243.838666666667,254247.333333333,99.194,123491.333333333,51.7666666666667,1.24,-0.485935384615385,175.809347417068,19398.343,3382.703,4.56666666666667,105.270333333333,98.9322222222222,110.046444444444,1.20225806451613,1.84048387096774,145815,-431.963245246524,-257.311989645889,987.294292903244,2.06597274710241,1.94283493241443,2.06597274710241,1.94283493241443,-72.2136568342171,225.536753065794,-154.976036293031,2.80510368203899,2.55423055492381,1189.00939739233,465.653164471907,15.085155789136,1474.04420289855,459.443499165459,-0.711778984285694,-70.6690821256117,470.090249890392,25.2566663030783,2456.18792270532
2017.25,2017-04-01,2397.97093563988,11.4263492063492,244.12,254770.666666667,99.823,124031.666666667,48.24,1.29333333333333,-0.534492307692308,136.067680836519,19506.949,3435.929,4.36666666666667,114.330549450549,115.426153846154,112.834395604396,0.963333333333333,1.35285714285714,146379,-430.607645375235,-256.95930330353,987.852604004542,2.30367428213292,2.23324440519121,2.30367428213292,2.23324440519121,-71.982688475245,228.471830758746,-162.147135525736,0.46124130378189,1.87293872683592,1189.39544275975,473.909380937238,8.25621646533126,906.021611721613,474.863096484431,15.4195973189721,1649.39316239317,472.592121815449,2.50187192505695,278.795115995115
2017.5,2017-07-01,2467.17462642609,10.9442857142857,245.287,255356.666666667,100.05,124560.333333333,48.1633333333333,1.36333333333333,-0.569780769230769,131.872685344843,19660.766,3493.166,4.33333333333333,119.150760869565,88.7544565217392,142.338586956522,0.878730158730159,1.18746031746032,146899.333333333,-429.18527723951,-256.403618438912,988.638035530227,2.3822198887073,3.14172610273928,2.3822198887073,3.14172610273928,-71.7871057100593,230.839994542669,-162.783094119166,1.90761834110837,1.92626710958104,1189.7502823917,478.038958933691,4.12957799645319,482.021141901578,448.587364142428,-26.2757323420029,-2667.16973244147,495.820863458089,23.2287416426402,2950.41913521262
2017.75,2017-10-01,2603.27731662327,10.3079365079365,247.238333333333,255941.333333333,100.678,124974,55.3666666666667,1.69666666666667,-0.603086923076923,125.832903998165,19882.352,3558.859,4.16666666666667,89.8909782608696,71.8642391304348,104.564347826087,0.677096774193548,1.14483870967742,147348.666666667,-427.550826367714,-255.511574746068,989.758778307166,2.95019413702562,4.48297110775755,2.95019413702562,4.48297110775755,-71.6842535882902,235.417365295185,-149.637505572893,3.16953206040189,2.08587384683279,1190.05569393748,449.859758339259,-28.1792005944323,-2925.97826086957,427.477877146276,-21.1094869961519,-1689.02173913044,464.980265056782,-30.8405984013072,-3777.42391304349
2018,2018-01-01,2733.47672259221,17.3547540983607,249.321666666667,256937,101.265,125591.333333333,62.8866666666667,2.16333333333333,-0.563016923076923,154.272884339958,20044.077,3612.936,4.03333333333333,89.796,65.1624444444445,109.577888888889,0.598032786885246,1.17639344262295,147998,-426.431018046029,-255.089722001897,990.568897762083,3.27460485883897,3.24047781966783,3.27460485883897,3.24047781966783,-71.5797669127463,239.458570592548,-137.740973221417,3.35644523507739,2.22370923509239,1190.49540391414,449.754043088622,-0.105715250636695,-9.49782608695813,417.688329752443,-9.78954739383342,-670.179468599032,469.66356104464,4.68329598785795,501.354106280198
2018.25,2018-04-01,2703.13124465943,15.3375,250.679,257456,101.762,126248.666666667,68.0333333333333,2.47333333333333,-0.545116153846154,145.238284869002,20150.476,3612.389,3.93333333333333,115.888571428571,71.0348351648351,149.465714285714,0.44359375,1.0459375,148707,-426.647950539392,-254.762092077433,991.09831899246,3.24571498791801,2.11768492150739,3.24571498791801,2.11768492150739,-71.2595324673199,237.79928640816,-130.417545505132,2.17173577249632,2.65133285227099,1190.97332059872,475.262913831003,25.5088707423806,2609.25714285715,426.317039284321,8.62870953187755,587.239072039068,500.706703064774,31.043142020134,3988.78253968254
2018.5,2018-07-01,2849.60143074157,12.8568253968254,251.686333333333,258066.333333333,102.206,126759.666666667,69.7566666666667,2.67333333333333,-0.580477692307692,137.383879870034,20276.154,3722.248,3.76666666666667,99.1264130434783,67.7194565217391,121.208043478261,0.257936507936508,0.849206349206349,149219,-423.888887097475,-254.377114205101,991.720079474982,3.08204394475577,2.48704193009033,3.08204394475577,2.48704193009033,-71.0923752640755,242.675081139726,-128.31706076386,1.60414680962369,2.57546496939982,1191.31703044885,459.639593502091,-15.6233203289121,-1676.21583850932,421.537353185971,-4.77968609834942,-331.537864309601,479.750843676532,-20.9558593882419,-2825.76708074535
2018.75,2018-10-01,2698.92682756697,21.0536507936508,252.711,258703.333333333,102.529,127163,59.0766666666667,2.8,-0.501143076923077,175.877914493684,20304.874,3724.752,3.83333333333333,86.4028260869566,58.6470652173913,106.375217391304,0.238360655737705,0.684426229508197,149650.666666667,-424.068170161253,-254.482101829561,991.861623473301,2.10284516613477,0.566175993273532,2.10284516613477,0.566175993273532,-71.0212245957544,236.836295838421,-145.341050792514,1.62517604040495,2.18937596440059,1191.605896811,445.902038461485,-13.737555040606,-1272.35869565217,407.153753492834,-14.3835996931375,-907.239130434785,466.697263052298,-13.0535806242334,-1483.28260869565
2019,2019-01-01,2721.00441854508,16.47,253.385666666667,258389.333333333,102.56,127605.666666667,54.8266666666667,2.48333333333333,-0.548227692307692,196.13564178726,20431.641,3755.53,3.86666666666667,88.2405555555556,60.2064444444445,109.461,0.167868852459016,0.214426229508197,150139.666666667,-423.123807099078,-253.738276272852,992.484000764028,1.91510300194455,2.48950916290696,1.91510300194455,2.48950916290696,-70.5522711848668,237.384366042488,-153.073600862645,1.06646356042681,1.61688054573794,1191.93212509744,448.006667088594,2.10462862710932,183.772946859899,409.777939715744,2.62418622291021,155.937922705317,469.55683214314,2.85956909084115,308.578260869561
2019.25,2019-04-01,2882.32776460194,15.1830158730159,255.247333333333,258863.666666667,102.88,128089.333333333,59.7833333333333,2.12,-0.596176923076923,159.511966589706,20602.275,3790.049,3.63333333333333,95.9017582417583,57.6218681318682,122.062747252747,0.210952380952381,-0.0158730158730159,150684.333333333,-422.392259181406,-253.090003299368,993.315678557317,2.21735956485727,3.32671117315826,2.21735956485727,3.32671117315826,-70.3573602429007,242.412048855217,-145.150609440611,2.92812299645782,1.80597735172832,1192.29424199094,456.332431583768,8.32576449517379,766.120268620271,405.390215071825,-4.38772464391874,-258.457631257631,480.453523425899,10.8966912827596,1260.17472527473
2019.5,2019-07-01,2957.83640670777,15.96015625,256.089333333333,259431.666666667,103.175,128540.666666667,56.37,1.68666666666667,-0.549379230769231,225.636363103013,20843.322,3819.94,3.6,97.26,63.774347826087,121.706195652174,0.11203125,-0.228125,151157.333333333,-421.825862532975,-252.145973184666,994.478888815408,2.75880934042565,4.65284103236385,2.75880934042565,4.65284103236385,-70.2248014635924,244.668699442762,-151.358923984761,1.31733288992386,1.73427387180336,1192.60765159565,457.738780497564,1.40634891379623,135.824175824172,415.535103780682,10.1448887088571,615.247969421886,480.160990791847,-0.292532634051934,-35.6551600573354
2019.75,2019-10-01,3082.75561141968,13.98578125,257.888,260015.333333333,102.938,128939.333333333,56.9566666666667,1.59,-0.55564,173.498886394046,20985.448,3770.431,3.6,80.4823913043479,60.874347826087,94.5456521739131,0.200806451612903,0.184354838709677,151641,-423.355128510268,-251.691135849559,995.158452412213,3.29682893891263,2.71825438722146,3.29682893891263,2.71825438722146,-70.1398594129952,248.105377287115,-151.023463735003,2.79961608040118,2.02788388180242,1192.92711641746,438.80384189362,-18.9349386039443,-1677.76086956521,410.88118680162,-4.65391697906235,-290.000000000003,454.908280963587,-25.2527098282606,-2716.05434782608
2020,2020-01-01,3055.86918394027,31.2245161290323,258.817666666667,259629.333333333,101.427,128917.666666667,45.7566666666667,1.1,-0.349743846153846,268.908562638055,20693.238,3673.842,3.83333333333333,99.9762637362638,68.6325274725275,126.47956043956,0.283548387096774,0.260967741935484,151739.333333333,-425.801699182793,-252.944799255936,993.756225921962,1.27222515793406,-5.60890596100734,1.27222515793406,-5.60890596100734,-70.0081015092923,246.869551898949,-173.278632348298,1.43937677453394,2.1211121853292,1192.99194154023,460.493279517576,21.6894376239563,1949.38724319159,422.876658375995,11.995471574375,775.817964644054,484.008071755963,29.0997907923767,3193.39082656474
2020.25,2020-04-01,2931.6855546255,34.4936507936508,256.292,260049,87.551,112140.333333333,27.8066666666667,0.193333333333333,-0.0795069230769231,401.716084188206,19056.617,3162.976,13,70.2817582417582,46.9962637362638,84.7069230769231,0.493968253968254,0.545396825396825,133711.666666667,-440.935671823578,-261.3455684455,985.516966932449,-7.79871162486856,-32.9570359580522,-7.79871162486856,-32.9570359580522,-84.1119011631353,243.701539175921,-222.104161936042,-3.92256184693203,0.408440974481739,1180.3441019318,425.251228067469,-35.2420514501072,-2969.45054945056,385.006810357705,-37.8698480182894,-2163.62637362637,443.919733476314,-40.0883382796494,-4177.26373626374
2020.5,2020-07-01,3319.83407211304,25.80890625,259.221666666667,260557.666666667,94.767,118800.333333333,40.8933333333333,0.14,-0.483350769230769,314.65821425993,20548.793,3747.725,8.8,72.0495652173913,37.7642391304348,95.9332608695652,0.5096875,0.5371875,140614.666666667,-424.167521663778,-254.002200143265,993.055748340624,-1.42314047478429,30.1551256327009,-1.42314047478429,30.1551256327009,-78.5379993096005,254.998653086277,-184.671650094166,4.54645282339996,1.21572095785076,1185.37785677594,427.735428797058,2.4842007295887,176.780697563309,363.13626000829,-21.8705503494157,-923.202460582898,456.36527504294,12.4455415666262,1122.63377926421
2020.75,2020-10-01,3554.50109100342,25.62171875,261.091666666667,261080,96.832,120858,42.4533333333333,0.153333333333333,-0.546119230769231,319.997620567163,20771.691,3863.835,6.76666666666667,69.781847826087,44.6128260869565,88.1370652173913,0.714838709677419,0.771612903225806,142580,-421.316666019185,-253.123582368993,994.134632905923,-1.02381950629091,4.31553826119497,-1.02381950629091,4.31553826119497,-77.0210571042675,261.109843336133,-181.646612551603,2.87520296975536,1.23461768018931,1186.76585246716,424.537391614873,-3.19803718218425,-226.771739130433,379.802139810773,16.6658798024831,684.858695652174,447.889316202935,-8.4759588400054,-779.619565217389
2021,2021-01-01,3865.70689917393,23.2024590163934,263.686333333333,260924,97.837,121727.333333333,57.79,0.133333333333333,-0.630284615384615,205.203760430274,21058.379,3840.228,6.23333333333333,75.041,47.7542222222222,95.3414444444445,1.20377049180328,1.28475409836066,143527,-421.869743734284,-251.693064399671,995.505381216528,1.74915529456605,5.48299324242052,1.74915529456605,5.48299324242052,-76.2445606403177,268.513957643924,-151.794451511591,3.95548260064267,1.86364413671649,1187.42784497933,431.803463083519,7.26607146864557,525.915217391301,386.606748651965,6.80460884119194,314.139613526569,455.746460011759,7.85714380882441,720.437922705317
2021.25,2021-04-01,4183.6263640873,18,268.579666666667,261217,99.575,123216,66.09,0.173333333333333,-0.686456923076923,154.175881551465,21389.005,3777.719,5.93333333333333,82.8428571428571,54.4717582417583,104.697692307692,1.4165625,1.565625,145157,-423.623109117566,-250.247447456272,997.063228393045,11.5462614605965,6.23138870606965,11.5462614605965,6.23138870606965,-75.1412566714142,274.57861205737,-140.213013057476,7.35492584460644,4.68301605960111,1188.55711942631,441.694552582708,9.89108949918931,780.185714285715,399.768236995959,13.1614883439946,671.753601953604,465.107707663733,9.36124765197404,935.62478632479
2021.5,2021-07-01,4421.58795166016,18.28734375,272.886333333333,261615.333333333,101.064,125161,70.6233333333333,0.226666666666667,-0.66025,170.222357034166,21571.421,3923.193,5.06666666666667,74.6292391304348,63.9178260869566,85.1147826086956,1.0990625,1.27515625,147239,-419.99693684645,-249.550589475869,997.912461574831,4.85671323420718,3.39693272714356,4.85671323420718,3.39693272714356,-73.7274322983008,278.519882856686,-135.169475669803,6.36310680360026,5.13717955465118,1189.98123958372,431.253237586735,-10.4413149959732,-821.361801242236,415.759829097599,15.9915921016392,944.60678451983,444.400072917405,-20.7076347463285,-1958.29096989967
2021.75,2021-10-01,4602.10889434814,19.27515625,278.719333333333,262024.333333333,102.579,127131.666666667,77.4466666666667,0.526666666666667,-0.591397857142857,171.408928076488,21960.388,4175.67,4.2,87.7944565217391,47.7314130434783,120.595,1.00161290322581,1.4791935483871,149185.333333333,-413.916255029717,-247.919708979311,999.699556395554,5.56492348963165,7.14837928289285,5.56492348963165,7.14837928289285,-72.3214079950465,280.406463093718,-128.061577435734,8.45998188337624,6.5333742830564,1191.29446598644,447.49983610822,16.2465985214848,1316.52173913044,386.558973551314,-29.200855546285,-1618.64130434783,479.24378240638,34.8437094889756,3548.02173913043
2022,2022-01-01,4463.8554766255,25.3729032258065,284.844666666667,263323.333333333,103.303,128696,94.4533333333333,1.44333333333333,-0.477624166666667,174.988967525467,21903.85,4250.699,3.83333333333333,216.885,138.753222222222,296.050333333334,0.486612903225807,1.64177419354839,150742.333333333,-412.62992413876,-248.672026092999,999.44176994405,3.93638872752256,-1.03114580601584,3.93638872752256,-1.03114580601584,-71.592964730035,275.182412578269,-110.383811708004,8.69548026876004,7.71837370008575,1192.33272564692,537.93672591482,90.4368898066002,12909.0543478261,493.269697558011,106.710724006698,9102.1809178744,569.052948491309,89.8091660849283,17545.5333333334
2022.25,2022-04-01,4105.66710244456,27.3984375,291.651,263691,104.056,129863.333333333,108.723333333333,2.72,-0.291118461538462,170.697112858091,21919.222,4156.79,3.63333333333333,151.391758241758,143.745714285714,179.607252747253,0.212096774193548,1.82887096774194,151965.333333333,-415.003482128942,-248.741399433477,999.511924773134,2.44869638008911,0.280619316335873,2.44869638008911,0.280619316335873,-70.8295347664248,264.456563645283,-98.6751452789369,9.44555180586768,8.24103019040106,1193.1407703641,501.98709025451,-35.9496356603095,-6549.32417582418,496.804586556843,3.5348889988315,499.249206349211,519.077253783254,-49.9756947080546,-11644.3080586081
2022.5,2022-07-01,3980.35111236572,24.7927272727273,295.507666666667,264184,104.746,131005.666666667,93.1833333333333,3.38333333333333,-0.190245,202.521084578803,22066.784,4096.015,3.53333333333333,124.373369565217,104.278913043478,152.69347826087,-0.28109375,0.34765625,153282.666666667,-416.663128023283,-248.257233859144,1000.18287704634,2.27041547150879,2.68380909282229,2.27041547150879,2.68380909282229,-70.1405250809653,260.043053233872,-115.41259024315,5.25475970996787,7.96394341699296,1194.0038990409,482.328808636946,-19.6582816175649,-2701.83886765408,464.706916556907,-32.0976699999354,-3946.6801242236,502.843250182246,-16.2340036010078,-2691.37744863831
2022.75,2022-10-01,3851.97350105407,25.00265625,298.498333333333,264695.666666667,104.944,131801,82.7866666666667,4.39,-0.164902307692308,189.229117687172,22249.459,4153.817,3.56666666666667,120.600869565217,104.636195652174,145.123043478261,-0.560655737704918,-0.360655737704918,154153,-415.45530678053,-247.626304465499,1001.0072972692,1.3077408736498,3.29768089145688,1.3077408736498,3.29768089145688,-69.7287529071851,255.757654428075,-128.249733151557,4.02782724324098,6.85590475695914,1194.57008946883,479.248649459228,-3.08015917771787,-377.250000000004,465.048953051294,0.342036494386555,35.7282608695641,497.75819582959,-5.0850543526562,-757.043478260869
2023,2023-01-01,4000.06452794229,20.6840625,301.191666666667,266115.333333333,105.447,132470.666666667,76.0766666666667,4.34666666666667,-0.252823076923077,171.628110301527,22403.435,4058.115,3.53333333333333,106.707666666667,90.9268888888889,124.950555555556,-0.696451612903226,-1.13548387096774,155012.333333333,-418.321121868586,-247.471550345259,1001.69695743008,2.25518748602784,2.75864064349634,2.25518748602784,2.75864064349634,-69.7568561501734,258.631894352382,-137.600522468598,3.59299163580324,5.58028259871994,1195.12599626283,467.009300827252,-12.239348631976,-1389.32028985507,451.005576479958,-14.0433765713363,-1370.9306763285,482.791810349401,-14.9663854801889,-2017.24879227053
2023.25,2023-04-01,4206.07289960307,16.44125,303.424333333333,266620.666666667,105.159,132920.333333333,73.76,4.26333333333333,-0.206506923076923,183.300686777356,22539.418,4136.632,3.53333333333333,105.961098901099,92.0557142857144,120.793076923077,-0.668571428571429,-1.67380952380952,155624,-416.594499394513,-247.05612366048,1002.30209664973,2.79017187659765,2.42055687861509,2.79017187659765,2.42055687861509,-69.6076972862633,262.91524225486,-141.431568660345,2.95417496725072,3.9574383890657,1195.51981204777,466.307203525514,-0.70209730173767,-74.6567765567775,452.239398381549,1.23382190159127,112.882539682545,479.407897361899,-3.38391298750205,-415.747863247867
2023.5,2023-07-01,4458.13744729663,15.0132307692308,306.042333333333,267214.333333333,105.263,133300.666666667,82.2966666666667,4.91666666666667,-0.308856923076923,109.084543837801,22780.933,4237.303,3.66666666666667,99.8041304347826,79.2505434782609,119.35152173913,-0.766984126984127,-1.38587301587302,156176.333333333,-414.412410098797,-246.212716877821,1003.36791931423,3.18504226788683,4.26329065797901,3.18504226788683,4.26329065797901,-69.5443854515873,267.876290846559,-131.339283197512,3.4364683033985,3.50286553742336,1195.87409897566,460.320956958307,-5.9862465672075,-615.696846631637,437.261427050373,-14.977971331176,-1280.51708074535,478.207310292669,-1.20058706923061,-144.155518394651
2023.75,2023-10-01,4464.9076218378,15.28625,308.158333333333,267818.333333333,105.198,133648.666666667,78.41,4.80333333333333,-0.322280769230769,127.090952723823,22960.6,4244.835,3.8,162.649021739131,192.711847826087,158.405543478261,-0.360806451612903,-1.07741935483871,156703.666666667,-414.460594021297,-245.65291864488,1004.15349824962,3.14620098041978,3.14231574158868,3.14620098041978,3.14231574158868,-69.5094423734008,267.339008354924,-136.866224990648,2.75611341561053,3.18493708051575,1196.21118273471,509.159463838624,48.8385068803179,6284.4891304348,526.119605680008,88.8581786296355,11346.1304347826,506.515847547415,28.3085372547463,3905.40217391304
2024,2024-01-01,4992.54098360656,13.7125396825397,310.974333333333,267711.666666667,105.191,134053,77.56,4.48333333333333,-0.417307692307692,118.166018308395,23053.545,4282.515,3.83333333333333,144.135274725275,174.409340659341,131.773076923077,-0.325901639344262,-1.29786885245902,157279,-413.537007686285,-245.209097698713,1004.55748326948,2.86052583940517,1.61594007943791,2.86052583940517,1.61594007943791,-69.1675286559215,277.598989499246,-138.865854892423,3.63866365974843,3.19635508650205,1196.57765772733,497.075226642303,-12.0842371963213,-1851.37470138558,516.140506886715,-9.97909879329333,-1830.25071667464,488.108132899469,-18.4077146479457,-2663.2466555184
2024.25,2024-04-01,5246.62651909722,13.9803076923077,313.095666666667,268250.666666667,105.259,134473.666666667,81.7133333333333,4.82333333333333,-0.410557692307692,135.732654094855,23223.906,4369.185,4,133.523956043956,134.222527472528,139.284285714286,-0.377460317460317,-1.01777777777778,157792.666666667,-411.7345373893,-244.673968757448,1005.29374581592,2.99164916619255,2.94505018576459,2.99164916619255,2.94505018576459,-69.0553473743373,281.88317931166,-134.329160089799,2.71936353768822,3.13765222911142,1196.90372139862,489.428090776394,-7.64713586590959,-1061.13186813186,489.949907537181,-26.1905993495345,-4018.68131868131,493.651706547968,5.54357364849905,751.12087912089
2024.5,2024-07-01,5543.46922302246,17.0666666666667,314.182666666667,268860,105.304,134702.333333333,76.24,4.03,-0.388685384615385,136.900781522102,23400.294,4377.736,4.16666666666667,119.283152173913,130.742826086957,115.213152173913,-0.0859375,-1.2709375,158130.333333333,-411.765910225118,-244.144221163881,1006.05038653694,2.68246722271641,3.02656288407448,2.68246722271641,3.02656288407448,-69.1123392314881,287.040123955419,-141.608829839327,1.38630783852598,2.62511211289329,1197.11748664854,478.15000967833,-11.2780810980633,-1424.0803870043,487.323223403599,-2.62668413358185,-347.970138557102,474.678390992143,-18.9733155558252,-2407.11335403727
2024.75,2024-10-01,5907.04295349121,17.3632307692308,316.538666666667,269463.333333333,105.382,135109.333333333,70.6866666666667,4.15333333333333,-0.463875384615385,184.395133376595,23542.349,4315.094,4.13333333333333,131.385434782609,141.875108695652,129.676304347826,0.13,-0.301774193548387,158639.666666667,-413.431321790016,-243.763144222178,1006.65561634314,2.50211809351608,2.42091922478735,2.50211809351608,2.42091922478735,-69.034799946245,292.645523522113,-149.918843885552,2.98833837834103,2.68316835357592,1197.4390661998,487.813525350331,9.66351567200086,1210.22826086956,495.494715437213,8.17149203361423,1113.22826086956,486.504137877817,11.8257468856743,1446.31521739131
